"Mar 9, 2019, 4:30:00 AM",1552093200,3882.21
"Mar 9, 2019, 5:30:00 AM",1552096800,3887.77
"Mar 9, 2019, 6:30:00 AM",1552100400,3879.64
"Mar 9, 2019, 7:30:00 AM",1552104000,3884.89
"Mar 9, 2019, 8:30:00 AM",1552107600,3889.23
"Mar 9, 2019, 9:30:00 AM",1552111200,3916.74
"Mar 9, 2019, 10:30:00 AM",1552114800,3920.33
"Mar 9, 2019, 11:30:00 AM",1552118400,3925.78
"Mar 9, 2019, 12:30:00 PM",1552122000,3924.04
"Mar 9, 2019, 1:30:00 PM",1552125600,3920.61
"Mar 9, 2019, 2:30:00 PM",1552129200,3924.36
"Mar 9, 2019, 3:30:00 PM",1552132800,3933.39
"Mar 9, 2019, 4:30:00 PM",1552136400,3934.3
"Mar 9, 2019, 5:30:00 PM",1552140000,3953.47
"Mar 9, 2019, 6:30:00 PM",1552143600,3956.05
"Mar 9, 2019, 7:30:00 PM",1552147200,3937.14
"Mar 9, 2019, 8:30:00 PM",1552150800,3928.49
"Mar 9, 2019, 9:30:00 PM",1552154400,3941.51
"Mar 9, 2019, 10:30:00 PM",1552158000,3939.93
"Mar 9, 2019, 11:30:00 PM",1552161600,3924.68
"Mar 10, 2019, 12:30:00 AM",1552165200,3926.75
"Mar 10, 2019, 1:30:00 AM",1552168800,3929.67
"Mar 10, 2019, 2:30:00 AM",1552172400,3947.74
"Mar 10, 2019, 3:30:00 AM",1552176000,3937.19
"Mar 10, 2019, 4:30:00 AM",1552179600,3943.99
"Mar 10, 2019, 5:30:00 AM",1552183200,3938.58
"Mar 10, 2019, 6:30:00 AM",1552186800,3931.64
"Mar 10, 2019, 7:30:00 AM",1552190400,3928.48
"Mar 10, 2019, 8:30:00 AM",1552194000,3929.0
"Mar 10, 2019, 9:30:00 AM",1552197600,3915.88
"Mar 10, 2019, 10:30:00 AM",1552201200,3915.17
"Mar 10, 2019, 11:30:00 AM",1552204800,3919.79
"Mar 10, 2019, 12:30:00 PM",1552208400,3912.25
"Mar 10, 2019, 1:30:00 PM",1552212000,3915.72
"Mar 10, 2019, 2:30:00 PM",1552215600,3920.96
"Mar 10, 2019, 3:30:00 PM",1552219200,3919.02
"Mar 10, 2019, 4:30:00 PM",1552222800,3906.56
"Mar 10, 2019, 5:30:00 PM",1552226400,3920.22
"Mar 10, 2019, 6:30:00 PM",1552230000,3915.8
"Mar 10, 2019, 7:30:00 PM",1552233600,3903.73
"Mar 10, 2019, 8:30:00 PM",1552237200,3913.25
"Mar 10, 2019, 9:30:00 PM",1552240800,3911.61
"Mar 10, 2019, 10:30:00 PM",1552244400,3911.61
"Mar 10, 2019, 11:30:00 PM",1552248000,3923.83
"Mar 11, 2019, 12:30:00 AM",1552251600,3926.14
"Mar 11, 2019, 1:30:00 AM",1552255200,3933.12
"Mar 11, 2019, 2:30:00 AM",1552258800,3929.84
"Mar 11, 2019, 3:30:00 AM",1552262400,3934.45
"Mar 11, 2019, 4:30:00 AM",1552266000,3934.85
"Mar 11, 2019, 5:30:00 AM",1552269600,3933.33
"Mar 11, 2019, 6:30:00 AM",1552273200,3939.86
"Mar 11, 2019, 7:30:00 AM",1552276800,3925.23
"Mar 11, 2019, 8:30:00 AM",1552280400,3897.56
"Mar 11, 2019, 9:30:00 AM",1552284000,3905.29
"Mar 11, 2019, 10:30:00 AM",1552287600,3896.81
"Mar 11, 2019, 11:30:00 AM",1552291200,3900.3
"Mar 11, 2019, 12:30:00 PM",1552294800,3901.52
"Mar 11, 2019, 1:30:00 PM",1552298400,3889.22
"Mar 11, 2019, 2:30:00 PM",1552302000,3883.9
"Mar 11, 2019, 3:30:00 PM",1552305600,3858.97
"Mar 11, 2019, 4:30:00 PM",1552309200,3874.98
"Mar 11, 2019, 5:30:00 PM",1552312800,3873.25
"Mar 11, 2019, 6:30:00 PM",1552316400,3864.58
"Mar 11, 2019, 7:30:00 PM",1552320000,3868.35
"Mar 11, 2019, 8:30:00 PM",1552323600,3874.81
"Mar 11, 2019, 9:30:00 PM",1552327200,3878.58
"Mar 11, 2019, 10:30:00 PM",1552330800,3867.23
"Mar 11, 2019, 11:30:00 PM",1552334400,3874.06
"Mar 12, 2019, 12:30:00 AM",1552338000,3876.96
"Mar 12, 2019, 1:30:00 AM",1552341600,3880.42
"Mar 12, 2019, 2:30:00 AM",1552345200,3874.89
"Mar 12, 2019, 3:30:00 AM",1552348800,3856.1
"Mar 12, 2019, 4:30:00 AM",1552352400,3848.34
"Mar 12, 2019, 5:30:00 AM",1552356000,3838.51
"Mar 12, 2019, 6:30:00 AM",1552359600,3835.89
"Mar 12, 2019, 7:30:00 AM",1552363200,3841.72
"Mar 12, 2019, 8:30:00 AM",1552366800,3843.46
"Mar 12, 2019, 9:30:00 AM",1552370400,3846.66
"Mar 12, 2019, 10:30:00 AM",1552374000,3850.52
"Mar 12, 2019, 11:30:00 AM",1552377600,3884.04
"Mar 12, 2019, 12:30:00 PM",1552381200,3885.09
"Mar 12, 2019, 1:30:00 PM",1552384800,3895.69
"Mar 12, 2019, 2:30:00 PM",1552388400,3887.07
"Mar 12, 2019, 3:30:00 PM",1552392000,3901.2
"Mar 12, 2019, 4:30:00 PM",1552395600,3895.49
"Mar 12, 2019, 5:30:00 PM",1552399200,3894.51
"Mar 12, 2019, 6:30:00 PM",1552402800,3877.54
"Mar 12, 2019, 7:30:00 PM",1552406400,3887.53
"Mar 12, 2019, 8:30:00 PM",1552410000,3887.06
"Mar 12, 2019, 9:30:00 PM",1552413600,3885.79
"Mar 12, 2019, 10:30:00 PM",1552417200,3884.61
"Mar 12, 2019, 11:30:00 PM",1552420800,3894.28
"Mar 13, 2019, 12:30:00 AM",1552424400,3893.5
"Mar 13, 2019, 1:30:00 AM",1552428000,3894.67
"Mar 13, 2019, 2:30:00 AM",1552431600,3888.57
"Mar 13, 2019, 3:30:00 AM",1552435200,3891.02
"Mar 13, 2019, 4:30:00 AM",1552438800,3889.16
"Mar 13, 2019, 5:30:00 AM",1552442400,3887.21
"Mar 13, 2019, 6:30:00 AM",1552446000,3894.61
"Mar 13, 2019, 7:30:00 AM",1552449600,3890.56
"Mar 13, 2019, 8:30:00 AM",1552453200,3882.98
"Mar 13, 2019, 9:30:00 AM",1552456800,3882.27
"Mar 13, 2019, 10:30:00 AM",1552460400,3886.25
"Mar 13, 2019, 11:30:00 AM",1552464000,3881.0
"Mar 13, 2019, 12:30:00 PM",1552467600,3870.9
"Mar 13, 2019, 1:30:00 PM",1552471200,3862.42
"Mar 13, 2019, 2:30:00 PM",1552474800,3867.1
"Mar 13, 2019, 3:30:00 PM",1552478400,3883.49
"Mar 13, 2019, 4:30:00 PM",1552482000,3883.02
"Mar 13, 2019, 5:30:00 PM",1552485600,3875.15
"Mar 13, 2019, 6:30:00 PM",1552489200,3878.01
"Mar 13, 2019, 7:30:00 PM",1552492800,3875.77
"Mar 13, 2019, 8:30:00 PM",1552496400,3880.72
"Mar 13, 2019, 9:30:00 PM",1552500000,3881.73
"Mar 13, 2019, 10:30:00 PM",1552503600,3882.0
"Mar 13, 2019, 11:30:00 PM",1552507200,3882.55
"Mar 14, 2019, 12:30:00 AM",1552510800,3870.85
"Mar 14, 2019, 1:30:00 AM",1552514400,3877.06
"Mar 14, 2019, 2:30:00 AM",1552518000,3878.44
"Mar 14, 2019, 3:30:00 AM",1552521600,3892.82
"Mar 14, 2019, 4:30:00 AM",1552525200,3891.96
"Mar 14, 2019, 5:30:00 AM",1552528800,3889.49
"Mar 14, 2019, 6:30:00 AM",1552532400,3882.03
"Mar 14, 2019, 7:30:00 AM",1552536000,3883.75
"Mar 14, 2019, 8:30:00 AM",1552539600,3877.81
"Mar 14, 2019, 9:30:00 AM",1552543200,3879.68
"Mar 14, 2019, 10:30:00 AM",1552546800,3870.56
"Mar 14, 2019, 11:30:00 AM",1552550400,3878.4
"Mar 14, 2019, 12:30:00 PM",1552554000,3875.26
"Mar 14, 2019, 1:30:00 PM",1552557600,3881.48
"Mar 14, 2019, 2:30:00 PM",1552561200,3873.08
"Mar 14, 2019, 3:30:00 PM",1552564800,3877.06
"Mar 14, 2019, 4:30:00 PM",1552568400,3878.34
"Mar 14, 2019, 5:30:00 PM",1552572000,3881.2
"Mar 14, 2019, 6:30:00 PM",1552575600,3881.76
"Mar 14, 2019, 7:30:00 PM",1552579200,3878.8
"Mar 14, 2019, 8:30:00 PM",1552582800,3882.82
"Mar 14, 2019, 9:30:00 PM",1552586400,3880.92
"Mar 14, 2019, 10:30:00 PM",1552590000,3879.99
"Mar 14, 2019, 11:30:00 PM",1552593600,3880.96
"Mar 15, 2019, 12:30:00 AM",1552597200,3883.19
"Mar 15, 2019, 1:30:00 AM",1552600800,3882.6
"Mar 15, 2019, 2:30:00 AM",1552604400,3881.44
"Mar 15, 2019, 3:30:00 AM",1552608000,3886.71
"Mar 15, 2019, 4:30:00 AM",1552611600,3888.32
"Mar 15, 2019, 5:30:00 AM",1552615200,3888.82
"Mar 15, 2019, 6:30:00 AM",1552618800,3886.04
"Mar 15, 2019, 7:30:00 AM",1552622400,3889.4
"Mar 15, 2019, 8:30:00 AM",1552626000,3888.99
"Mar 15, 2019, 9:30:00 AM",1552629600,3888.27
"Mar 15, 2019, 10:30:00 AM",1552633200,3882.21
"Mar 15, 2019, 11:30:00 AM",1552636800,3880.22
"Mar 15, 2019, 12:30:00 PM",1552640400,3891.69
"Mar 15, 2019, 1:30:00 PM",1552644000,3890.43
"Mar 15, 2019, 2:30:00 PM",1552647600,3910.64
"Mar 15, 2019, 3:30:00 PM",1552651200,3909.54
"Mar 15, 2019, 4:30:00 PM",1552654800,3909.44
"Mar 15, 2019, 5:30:00 PM",1552658400,3910.86
"Mar 15, 2019, 6:30:00 PM",1552662000,3924.04
"Mar 15, 2019, 7:30:00 PM",1552665600,3925.99
"Mar 15, 2019, 8:30:00 PM",1552669200,3929.73
"Mar 15, 2019, 9:30:00 PM",1552672800,3932.16
"Mar 15, 2019, 10:30:00 PM",1552676400,3932.63
"Mar 15, 2019, 11:30:00 PM",1552680000,3926.09
"Mar 16, 2019, 12:30:00 AM",1552683600,3918.17
"Mar 16, 2019, 1:30:00 AM",1552687200,3921.74
"Mar 16, 2019, 2:30:00 AM",1552690800,3927.08
"Mar 16, 2019, 3:30:00 AM",1552694400,3939.97
"Mar 16, 2019, 4:30:00 AM",1552698000,3955.86
"Mar 16, 2019, 5:30:00 AM",1552701600,3953.81
"Mar 16, 2019, 6:30:00 AM",1552705200,3981.49
"Mar 16, 2019, 7:30:00 AM",1552708800,4044.63
"Mar 16, 2019, 8:30:00 AM",1552712400,4037.76
"Mar 16, 2019, 9:30:00 AM",1552716000,4036.2
"Mar 16, 2019, 10:30:00 AM",1552719600,4035.28
"Mar 16, 2019, 11:30:00 AM",1552723200,4027.78
"Mar 16, 2019, 12:30:00 PM",1552726800,4037.59
"Mar 16, 2019, 1:30:00 PM",1552730400,4041.85
"Mar 16, 2019, 2:30:00 PM",1552734000,4041.61
"Mar 16, 2019, 3:30:00 PM",1552737600,4009.09
"Mar 16, 2019, 4:30:00 PM",1552741200,4013.82
"Mar 16, 2019, 5:30:00 PM",1552744800,4022.52
"Mar 16, 2019, 6:30:00 PM",1552748400,4012.37
"Mar 16, 2019, 7:30:00 PM",1552752000,4020.52
"Mar 16, 2019, 8:30:00 PM",1552755600,4021.11
"Mar 16, 2019, 9:30:00 PM",1552759200,4019.73
"Mar 16, 2019, 10:30:00 PM",1552762800,4013.13
"Mar 16, 2019, 11:30:00 PM",1552766400,4016.94
"Mar 17, 2019, 12:30:00 AM",1552770000,4022.23
"Mar 17, 2019, 1:30:00 AM",1552773600,4024.5
"Mar 17, 2019, 2:30:00 AM",1552777200,4027.01
"Mar 17, 2019, 3:30:00 AM",1552780800,4005.14
"Mar 17, 2019, 4:30:00 AM",1552784400,4009.83
"Mar 17, 2019, 5:30:00 AM",1552788000,3995.53
"Mar 17, 2019, 6:30:00 AM",1552791600,3995.25
"Mar 17, 2019, 7:30:00 AM",1552795200,3986.29
"Mar 17, 2019, 8:30:00 AM",1552798800,3980.82
"Mar 17, 2019, 9:30:00 AM",1552802400,3987.28
"Mar 17, 2019, 10:30:00 AM",1552806000,3981.65
"Mar 17, 2019, 11:30:00 AM",1552809600,3985.45
"Mar 17, 2019, 12:30:00 PM",1552813200,3979.83
"Mar 17, 2019, 1:30:00 PM",1552816800,3995.33
"Mar 17, 2019, 2:30:00 PM",1552820400,3996.81
"Mar 17, 2019, 3:30:00 PM",1552824000,3992.84
"Mar 17, 2019, 4:30:00 PM",1552827600,3994.77
"Mar 17, 2019, 5:30:00 PM",1552831200,4007.49
"Mar 17, 2019, 6:30:00 PM",1552834800,4003.73
"Mar 17, 2019, 7:30:00 PM",1552838400,4002.33
"Mar 17, 2019, 8:30:00 PM",1552842000,3997.78
"Mar 17, 2019, 9:30:00 PM",1552845600,4007.45
"Mar 17, 2019, 10:30:00 PM",1552849200,4005.45
"Mar 17, 2019, 11:30:00 PM",1552852800,4009.15
"Mar 18, 2019, 12:30:00 AM",1552856400,4008.16
"Mar 18, 2019, 1:30:00 AM",1552860000,4002.98
"Mar 18, 2019, 2:30:00 AM",1552863600,3998.0
"Mar 18, 2019, 3:30:00 AM",1552867200,4015.75
"Mar 18, 2019, 4:30:00 AM",1552870800,4023.98
"Mar 18, 2019, 5:30:00 AM",1552874400,4029.19
"Mar 18, 2019, 6:30:00 AM",1552878000,4018.02
"Mar 18, 2019, 7:30:00 AM",1552881600,4012.38
"Mar 18, 2019, 8:30:00 AM",1552885200,3974.75
"Mar 18, 2019, 9:30:00 AM",1552888800,3987.88
"Mar 18, 2019, 10:30:00 AM",1552892400,3985.26
"Mar 18, 2019, 11:30:00 AM",1552896000,3998.28
"Mar 18, 2019, 12:30:00 PM",1552899600,3983.68
"Mar 18, 2019, 1:30:00 PM",1552903200,3984.02
"Mar 18, 2019, 2:30:00 PM",1552906800,3981.19
"Mar 18, 2019, 3:30:00 PM",1552910400,3988.32
"Mar 18, 2019, 4:30:00 PM",1552914000,3986.87
"Mar 18, 2019, 5:30:00 PM",1552917600,3983.32
"Mar 18, 2019, 6:30:00 PM",1552921200,3987.23
"Mar 18, 2019, 7:30:00 PM",1552924800,3988.53
"Mar 18, 2019, 8:30:00 PM",1552928400,3982.56
"Mar 18, 2019, 9:30:00 PM",1552932000,3984.49
"Mar 18, 2019, 10:30:00 PM",1552935600,3982.77
"Mar 18, 2019, 11:30:00 PM",1552939200,3993.96
"Mar 19, 2019, 12:30:00 AM",1552942800,3993.16
"Mar 19, 2019, 1:30:00 AM",1552946400,3992.39
"Mar 19, 2019, 2:30:00 AM",1552950000,3988.85
"Mar 19, 2019, 3:30:00 AM",1552953600,3999.56
"Mar 19, 2019, 4:30:00 AM",1552957200,3994.94
"Mar 19, 2019, 5:30:00 AM",1552960800,3997.25
"Mar 19, 2019, 6:30:00 AM",1552964400,3993.67
"Mar 19, 2019, 7:30:00 AM",1552968000,3980.97
"Mar 19, 2019, 8:30:00 AM",1552971600,3982.26
"Mar 19, 2019, 9:30:00 AM",1552975200,3982.48
"Mar 19, 2019, 10:30:00 AM",1552978800,3982.29
"Mar 19, 2019, 11:30:00 AM",1552982400,3983.37
"Mar 19, 2019, 12:30:00 PM",1552986000,3993.65
"Mar 19, 2019, 1:30:00 PM",1552989600,3996.44
"Mar 19, 2019, 2:30:00 PM",1552993200,3987.5
"Mar 19, 2019, 3:30:00 PM",1552996800,3989.13
"Mar 19, 2019, 4:30:00 PM",1553000400,3990.97
"Mar 19, 2019, 5:30:00 PM",1553004000,3996.77
"Mar 19, 2019, 6:30:00 PM",1553007600,4000.21
"Mar 19, 2019, 7:30:00 PM",1553011200,4012.47
"Mar 19, 2019, 8:30:00 PM",1553014800,4018.54
"Mar 19, 2019, 9:30:00 PM",1553018400,4015.21
"Mar 19, 2019, 10:30:00 PM",1553022000,4017.42
"Mar 19, 2019, 11:30:00 PM",1553025600,4019.8
"Mar 20, 2019, 12:30:00 AM",1553029200,4012.4
"Mar 20, 2019, 1:30:00 AM",1553032800,4017.1
"Mar 20, 2019, 2:30:00 AM",1553036400,4024.14
"Mar 20, 2019, 3:30:00 AM",1553040000,3998.75
"Mar 20, 2019, 4:30:00 AM",1553043600,3998.04
"Mar 20, 2019, 5:30:00 AM",1553047200,4003.87
"Mar 20, 2019, 6:30:00 AM",1553050800,4001.64
"Mar 20, 2019, 7:30:00 AM",1553054400,4004.32
"Mar 20, 2019, 8:30:00 AM",1553058000,4009.94
"Mar 20, 2019, 9:30:00 AM",1553061600,4009.77
"Mar 20, 2019, 10:30:00 AM",1553065200,4011.86
"Mar 20, 2019, 11:30:00 AM",1553068800,4017.08
"Mar 20, 2019, 12:30:00 PM",1553072400,4003.79
"Mar 20, 2019, 1:30:00 PM",1553076000,4020.54
"Mar 20, 2019, 2:30:00 PM",1553079600,4020.41
"Mar 20, 2019, 3:30:00 PM",1553083200,4024.76
"Mar 20, 2019, 4:30:00 PM",1553086800,4020.7
"Mar 20, 2019, 5:30:00 PM",1553090400,4028.31
"Mar 20, 2019, 6:30:00 PM",1553094000,4023.35
"Mar 20, 2019, 7:30:00 PM",1553097600,4031.19
"Mar 20, 2019, 8:30:00 PM",1553101200,4021.73
"Mar 20, 2019, 9:30:00 PM",1553104800,4034.71
"Mar 20, 2019, 10:30:00 PM",1553108400,4038.34
"Mar 20, 2019, 11:30:00 PM",1553112000,4036.95
"Mar 21, 2019, 12:30:00 AM",1553115600,4033.83
"Mar 21, 2019, 1:30:00 AM",1553119200,4054.79
"Mar 21, 2019, 2:30:00 AM",1553122800,4056.75
"Mar 21, 2019, 3:30:00 AM",1553126400,4064.16
"Mar 21, 2019, 4:30:00 AM",1553130000,4050.79
"Mar 21, 2019, 5:30:00 AM",1553133600,4057.35
"Mar 21, 2019, 6:30:00 AM",1553137200,4058.11
"Mar 21, 2019, 7:30:00 AM",1553140800,4056.42
"Mar 21, 2019, 8:30:00 AM",1553144400,4047.89
"Mar 21, 2019, 9:30:00 AM",1553148000,4054.2
"Mar 21, 2019, 10:30:00 AM",1553151600,4064.05
"Mar 21, 2019, 11:30:00 AM",1553155200,4063.18
"Mar 21, 2019, 12:30:00 PM",1553158800,4057.71
"Mar 21, 2019, 1:30:00 PM",1553162400,4055.83
"Mar 21, 2019, 2:30:00 PM",1553166000,4062.33
"Mar 21, 2019, 3:30:00 PM",1553169600,4061.93
"Mar 21, 2019, 4:30:00 PM",1553173200,4049.52
"Mar 21, 2019, 5:30:00 PM",1553176800,3960.59
"Mar 21, 2019, 6:30:00 PM",1553180400,3988.11
"Mar 21, 2019, 7:30:00 PM",1553184000,3983.42
"Mar 21, 2019, 8:30:00 PM",1553187600,3986.63
"Mar 21, 2019, 9:30:00 PM",1553191200,3986.28
"Mar 21, 2019, 10:30:00 PM",1553194800,3993.81
"Mar 21, 2019, 11:30:00 PM",1553198400,3996.12
"Mar 22, 2019, 1:30:00 AM",1553202000,4000.31
"Mar 22, 2019, 2:30:00 AM",1553205600,3999.9
"Mar 22, 2019, 3:30:00 AM",1553209200,3996.93
"Mar 22, 2019, 4:30:00 AM",1553212800,4000.57
"Mar 22, 2019, 5:30:00 AM",1553216400,4000.49
"Mar 22, 2019, 6:30:00 AM",1553220000,4003.11
"Mar 22, 2019, 7:30:00 AM",1553223600,3997.23
"Mar 22, 2019, 8:30:00 AM",1553227200,3994.19
"Mar 22, 2019, 9:30:00 AM",1553230800,3995.57
"Mar 22, 2019, 10:30:00 AM",1553234400,3994.91
"Mar 22, 2019, 11:30:00 AM",1553238000,3987.99
"Mar 22, 2019, 12:30:00 PM",1553241600,3999.49
"Mar 22, 2019, 1:30:00 PM",1553245200,3997.82
"Mar 22, 2019, 2:30:00 PM",1553248800,3999.0
"Mar 22, 2019, 3:30:00 PM",1553252400,4001.21
"Mar 22, 2019, 4:30:00 PM",1553256000,4008.01
"Mar 22, 2019, 5:30:00 PM",1553259600,4005.91
"Mar 22, 2019, 6:30:00 PM",1553263200,4010.19
"Mar 22, 2019, 7:30:00 PM",1553266800,4003.22
"Mar 22, 2019, 8:30:00 PM",1553270400,4009.47
"Mar 22, 2019, 9:30:00 PM",1553274000,4013.31
"Mar 22, 2019, 10:30:00 PM",1553277600,4012.54
"Mar 22, 2019, 11:30:00 PM",1553281200,4010.66
"Mar 23, 2019, 12:30:00 AM",1553284800,3997.68
"Mar 23, 2019, 1:30:00 AM",1553288400,4003.71
"Mar 23, 2019, 2:30:00 AM",1553292000,4003.54
"Mar 23, 2019, 3:30:00 AM",1553295600,4000.84
"Mar 23, 2019, 4:30:00 AM",1553299200,3995.35
"Mar 23, 2019, 5:30:00 AM",1553302800,3999.05
"Mar 23, 2019, 6:30:00 AM",1553306400,4014.96
"Mar 23, 2019, 7:30:00 AM",1553310000,4014.72
"Mar 23, 2019, 8:30:00 AM",1553313600,4006.13
"Mar 23, 2019, 9:30:00 AM",1553317200,4008.27
"Mar 23, 2019, 10:30:00 AM",1553320800,4018.6
"Mar 23, 2019, 11:30:00 AM",1553324400,4012.81
"Mar 23, 2019, 12:30:00 PM",1553328000,4017.52
"Mar 23, 2019, 1:30:00 PM",1553331600,4013.53
"Mar 23, 2019, 2:30:00 PM",1553335200,4000.01
"Mar 23, 2019, 3:30:00 PM",1553338800,4002.9
"Mar 23, 2019, 4:30:00 PM",1553342400,3994.9
"Mar 23, 2019, 5:30:00 PM",1553346000,3998.32
"Mar 23, 2019, 6:30:00 PM",1553349600,3995.91
"Mar 23, 2019, 7:30:00 PM",1553353200,3999.66
"Mar 23, 2019, 8:30:00 PM",1553356800,3996.68
"Mar 23, 2019, 9:30:00 PM",1553360400,3996.05
"Mar 23, 2019, 10:30:00 PM",1553364000,3997.87
"Mar 23, 2019, 11:30:00 PM",1553367600,3996.32
"Mar 24, 2019, 12:30:00 AM",1553371200,3997.15
"Mar 24, 2019, 1:30:00 AM",1553374800,3998.57
"Mar 24, 2019, 2:30:00 AM",1553378400,4002.12
"Mar 24, 2019, 3:30:00 AM",1553382000,4007.21
"Mar 24, 2019, 4:30:00 AM",1553385600,4002.37
"Mar 24, 2019, 5:30:00 AM",1553389200,3998.51
"Mar 24, 2019, 6:30:00 AM",1553392800,3991.07
"Mar 24, 2019, 7:30:00 AM",1553396400,3995.08
"Mar 24, 2019, 8:30:00 AM",1553400000,3997.94
"Mar 24, 2019, 9:30:00 AM",1553403600,3991.94
"Mar 24, 2019, 10:30:00 AM",1553407200,3996.92
"Mar 24, 2019, 11:30:00 AM",1553410800,3991.5
"Mar 24, 2019, 12:30:00 PM",1553414400,3996.71
"Mar 24, 2019, 1:30:00 PM",1553418000,3998.06
"Mar 24, 2019, 2:30:00 PM",1553421600,4007.34
"Mar 24, 2019, 3:30:00 PM",1553425200,4003.54
"Mar 24, 2019, 4:30:00 PM",1553428800,4001.33
"Mar 24, 2019, 5:30:00 PM",1553432400,3998.9
"Mar 24, 2019, 6:30:00 PM",1553436000,4000.82
"Mar 24, 2019, 7:30:00 PM",1553439600,3994.27
"Mar 24, 2019, 8:30:00 PM",1553443200,3996.7
"Mar 24, 2019, 9:30:00 PM",1553446800,3992.08
"Mar 24, 2019, 10:30:00 PM",1553450400,3989.69
"Mar 24, 2019, 11:30:00 PM",1553454000,3987.88
"Mar 25, 2019, 12:30:00 AM",1553457600,3980.64
"Mar 25, 2019, 1:30:00 AM",1553461200,3990.72
"Mar 25, 2019, 2:30:00 AM",1553464800,3991.53
"Mar 25, 2019, 3:30:00 AM",1553468400,3994.11
"Mar 25, 2019, 4:30:00 AM",1553472000,3990.35
"Mar 25, 2019, 5:30:00 AM",1553475600,3995.12
"Mar 25, 2019, 6:30:00 AM",1553479200,4001.49
"Mar 25, 2019, 7:30:00 AM",1553482800,4002.27
"Mar 25, 2019, 8:30:00 AM",1553486400,4000.09
"Mar 25, 2019, 9:30:00 AM",1553490000,3998.99
"Mar 25, 2019, 10:30:00 AM",1553493600,3998.5
"Mar 25, 2019, 11:30:00 AM",1553497200,3994.01
"Mar 25, 2019, 12:30:00 PM",1553500800,3995.96
"Mar 25, 2019, 1:30:00 PM",1553504400,3994.25
"Mar 25, 2019, 2:30:00 PM",1553508000,3993.58
"Mar 25, 2019, 3:30:00 PM",1553511600,3990.93
"Mar 25, 2019, 4:30:00 PM",1553515200,3977.48
"Mar 25, 2019, 5:30:00 PM",1553518800,3978.3
"Mar 25, 2019, 6:30:00 PM",1553522400,3985.66
"Mar 25, 2019, 7:30:00 PM",1553526000,3970.07
"Mar 25, 2019, 8:30:00 PM",1553529600,3978.12
"Mar 25, 2019, 9:30:00 PM",1553533200,3965.71
"Mar 25, 2019, 10:30:00 PM",1553536800,3917.21
"Mar 25, 2019, 11:30:00 PM",1553540400,3920.21
"Mar 26, 2019, 12:30:00 AM",1553544000,3908.56
"Mar 26, 2019, 1:30:00 AM",1553547600,3903.32
"Mar 26, 2019, 2:30:00 AM",1553551200,3923.36
"Mar 26, 2019, 3:30:00 AM",1553554800,3924.55
"Mar 26, 2019, 4:30:00 AM",1553558400,3925.19
"Mar 26, 2019, 5:30:00 AM",1553562000,3929.85
"Mar 26, 2019, 6:30:00 AM",1553565600,3933.17
"Mar 26, 2019, 7:30:00 AM",1553569200,3925.51
"Mar 26, 2019, 8:30:00 AM",1553572800,3931.76
"Mar 26, 2019, 9:30:00 AM",1553576400,3926.95
"Mar 26, 2019, 10:30:00 AM",1553580000,3918.07
"Mar 26, 2019, 11:30:00 AM",1553583600,3920.15
"Mar 26, 2019, 12:30:00 PM",1553587200,3928.99
"Mar 26, 2019, 1:30:00 PM",1553590800,3923.55
"Mar 26, 2019, 2:30:00 PM",1553594400,3921.34
"Mar 26, 2019, 3:30:00 PM",1553598000,3916.47
"Mar 26, 2019, 4:30:00 PM",1553601600,3908.21
"Mar 26, 2019, 5:30:00 PM",1553605200,3905.03
"Mar 26, 2019, 6:30:00 PM",1553608800,3928.16
"Mar 26, 2019, 7:30:00 PM",1553612400,3933.23
"Mar 26, 2019, 8:30:00 PM",1553616000,3933.97
"Mar 26, 2019, 9:30:00 PM",1553619600,3929.9
"Mar 26, 2019, 10:30:00 PM",1553623200,3941.76
"Mar 26, 2019, 11:30:00 PM",1553626800,3935.48
"Mar 27, 2019, 12:30:00 AM",1553630400,3934.64
"Mar 27, 2019, 1:30:00 AM",1553634000,3930.6
"Mar 27, 2019, 2:30:00 AM",1553637600,3932.69
"Mar 27, 2019, 3:30:00 AM",1553641200,3942.22
"Mar 27, 2019, 4:30:00 AM",1553644800,3953.19
"Mar 27, 2019, 5:30:00 AM",1553648400,3985.99
"Mar 27, 2019, 6:30:00 AM",1553652000,3995.46
"Mar 27, 2019, 7:30:00 AM",1553655600,3995.54
"Mar 27, 2019, 8:30:00 AM",1553659200,3994.38
"Mar 27, 2019, 9:30:00 AM",1553662800,4007.87
"Mar 27, 2019, 10:30:00 AM",1553666400,4003.89
"Mar 27, 2019, 11:30:00 AM",1553670000,4002.8
"Mar 27, 2019, 12:30:00 PM",1553673600,4004.36
"Mar 27, 2019, 1:30:00 PM",1553677200,4004.71
"Mar 27, 2019, 2:30:00 PM",1553680800,4028.77
"Mar 27, 2019, 3:30:00 PM",1553684400,4039.69
"Mar 27, 2019, 4:30:00 PM",1553688000,4029.73
"Mar 27, 2019, 5:30:00 PM",1553691600,4029.61
"Mar 27, 2019, 6:30:00 PM",1553695200,4026.65
"Mar 27, 2019, 7:30:00 PM",1553698800,4032.7
"Mar 27, 2019, 8:30:00 PM",1553702400,4028.95
"Mar 27, 2019, 9:30:00 PM",1553706000,4028.21
"Mar 27, 2019, 10:30:00 PM",1553709600,4026.14
"Mar 27, 2019, 11:30:00 PM",1553713200,4025.02
"Mar 28, 2019, 12:30:00 AM",1553716800,4027.54
"Mar 28, 2019, 1:30:00 AM",1553720400,4028.56
"Mar 28, 2019, 2:30:00 AM",1553724000,4031.84
"Mar 28, 2019, 3:30:00 AM",1553727600,4045.98
"Mar 28, 2019, 4:30:00 AM",1553731200,4036.97
"Mar 28, 2019, 5:30:00 AM",1553734800,4035.77
"Mar 28, 2019, 6:30:00 AM",1553738400,4040.19
"Mar 28, 2019, 7:30:00 AM",1553742000,4024.4
"Mar 28, 2019, 8:30:00 AM",1553745600,4022.05
"Mar 28, 2019, 9:30:00 AM",1553749200,4033.3
"Mar 28, 2019, 10:30:00 AM",1553752800,4029.58
"Mar 28, 2019, 11:30:00 AM",1553756400,4033.37
"Mar 28, 2019, 12:30:00 PM",1553760000,4029.09
"Mar 28, 2019, 1:30:00 PM",1553763600,4028.6
"Mar 28, 2019, 2:30:00 PM",1553767200,4023.98
"Mar 28, 2019, 3:30:00 PM",1553770800,4019.73
"Mar 28, 2019, 4:30:00 PM",1553774400,4023.79
"Mar 28, 2019, 5:30:00 PM",1553778000,4032.91
"Mar 28, 2019, 6:30:00 PM",1553781600,4038.95
"Mar 28, 2019, 7:30:00 PM",1553785200,4038.13
"Mar 28, 2019, 8:30:00 PM",1553788800,4029.32
"Mar 28, 2019, 9:30:00 PM",1553792400,4032.05
"Mar 28, 2019, 10:30:00 PM",1553796000,4037.41
"Mar 28, 2019, 11:30:00 PM",1553799600,4034.12
"Mar 29, 2019, 12:30:00 AM",1553803200,4035.78
"Mar 29, 2019, 1:30:00 AM",1553806800,4035.81
"Mar 29, 2019, 2:30:00 AM",1553810400,4033.8
"Mar 29, 2019, 3:30:00 AM",1553814000,4036.45
"Mar 29, 2019, 4:30:00 AM",1553817600,4039.43
"Mar 29, 2019, 5:30:00 AM",1553821200,4035.52
"Mar 29, 2019, 6:30:00 AM",1553824800,4047.49
"Mar 29, 2019, 7:30:00 AM",1553828400,4045.99
"Mar 29, 2019, 8:30:00 AM",1553832000,4043.55
"Mar 29, 2019, 9:30:00 AM",1553835600,4034.81
"Mar 29, 2019, 10:30:00 AM",1553839200,4040.44
"Mar 29, 2019, 11:30:00 AM",1553842800,4062.99
"Mar 29, 2019, 12:30:00 PM",1553846400,4053.92
"Mar 29, 2019, 1:30:00 PM",1553850000,4093.78
"Mar 29, 2019, 2:30:00 PM",1553853600,4101.7
"Mar 29, 2019, 3:30:00 PM",1553857200,4122.37
"Mar 29, 2019, 4:30:00 PM",1553860800,4104.4
"Mar 29, 2019, 5:30:00 PM",1553864400,4103.17
"Mar 29, 2019, 6:30:00 PM",1553868000,4091.99
"Mar 29, 2019, 7:30:00 PM",1553871600,4098.62
"Mar 29, 2019, 8:30:00 PM",1553875200,4101.85
"Mar 29, 2019, 9:30:00 PM",1553878800,4101.58
"Mar 29, 2019, 10:30:00 PM",1553882400,4112.54
"Mar 29, 2019, 11:30:00 PM",1553886000,4097.13
"Mar 30, 2019, 12:30:00 AM",1553889600,4093.44
"Mar 30, 2019, 1:30:00 AM",1553893200,4102.18
"Mar 30, 2019, 2:30:00 AM",1553896800,4102.88
"Mar 30, 2019, 3:30:00 AM",1553900400,4111.38
"Mar 30, 2019, 4:30:00 AM",1553904000,4139.93
"Mar 30, 2019, 5:30:00 AM",1553907600,4135.55
"Mar 30, 2019, 6:30:00 AM",1553911200,4136.84
"Mar 30, 2019, 7:30:00 AM",1553914800,4107.66
"Mar 30, 2019, 8:30:00 AM",1553918400,4098.41
"Mar 30, 2019, 9:30:00 AM",1553922000,4111.0
"Mar 30, 2019, 10:30:00 AM",1553925600,4110.9
"Mar 30, 2019, 11:30:00 AM",1553929200,4108.34
"Mar 30, 2019, 12:30:00 PM",1553932800,4099.87
"Mar 30, 2019, 1:30:00 PM",1553936400,4096.68
"Mar 30, 2019, 2:30:00 PM",1553940000,4088.71
"Mar 30, 2019, 3:30:00 PM",1553943600,4103.84
"Mar 30, 2019, 4:30:00 PM",1553947200,4107.39
"Mar 30, 2019, 5:30:00 PM",1553950800,4100.37
"Mar 30, 2019, 6:30:00 PM",1553954400,4099.4
"Mar 30, 2019, 7:30:00 PM",1553958000,4091.37
"Mar 30, 2019, 8:30:00 PM",1553961600,4105.57
"Mar 30, 2019, 9:30:00 PM",1553965200,4097.53
"Mar 30, 2019, 10:30:00 PM",1553968800,4105.22
"Mar 30, 2019, 11:30:00 PM",1553972400,4103.73
"Mar 31, 2019, 12:30:00 AM",1553976000,4108.01
"Mar 31, 2019, 1:30:00 AM",1553979600,4112.24
"Mar 31, 2019, 2:30:00 AM",1553983200,4109.39
"Mar 31, 2019, 3:30:00 AM",1553986800,4118.13
"Mar 31, 2019, 4:30:00 AM",1553990400,4113.74
"Mar 31, 2019, 5:30:00 AM",1553994000,4114.02
"Mar 31, 2019, 6:30:00 AM",1553997600,4109.4
"Mar 31, 2019, 7:30:00 AM",1554001200,4111.32
"Mar 31, 2019, 8:30:00 AM",1554004800,4114.67
"Mar 31, 2019, 9:30:00 AM",1554008400,4109.39
"Mar 31, 2019, 10:30:00 AM",1554012000,4111.93
"Mar 31, 2019, 11:30:00 AM",1554015600,4103.79
"Mar 31, 2019, 12:30:00 PM",1554019200,4111.53
"Mar 31, 2019, 1:30:00 PM",1554022800,4111.27
"Mar 31, 2019, 2:30:00 PM",1554026400,4117.46
"Mar 31, 2019, 3:30:00 PM",1554030000,4122.36
"Mar 31, 2019, 4:30:00 PM",1554033600,4114.03
"Mar 31, 2019, 5:30:00 PM",1554037200,4109.72
"Mar 31, 2019, 6:30:00 PM",1554040800,4117.83
"Mar 31, 2019, 7:30:00 PM",1554044400,4110.83
"Mar 31, 2019, 8:30:00 PM",1554048000,4110.02
"Mar 31, 2019, 9:30:00 PM",1554051600,4109.42
"Mar 31, 2019, 10:30:00 PM",1554055200,4112.7
"Mar 31, 2019, 11:30:00 PM",1554058800,4114.24
"Apr 1, 2019, 12:30:00 AM",1554062400,4116.3
"Apr 1, 2019, 1:30:00 AM",1554066000,4112.92
"Apr 1, 2019, 2:30:00 AM",1554069600,4114.47
"Apr 1, 2019, 3:30:00 AM",1554073200,4112.69
"Apr 1, 2019, 4:30:00 AM",1554076800,4128.31
"Apr 1, 2019, 5:30:00 AM",1554080400,4130.62
"Apr 1, 2019, 6:30:00 AM",1554084000,4138.77
"Apr 1, 2019, 7:30:00 AM",1554087600,4142.05
"Apr 1, 2019, 8:30:00 AM",1554091200,4143.27
"Apr 1, 2019, 9:30:00 AM",1554094800,4138.26
"Apr 1, 2019, 10:30:00 AM",1554098400,4143.78
"Apr 1, 2019, 11:30:00 AM",1554102000,4139.73
"Apr 1, 2019, 12:30:00 PM",1554105600,4141.95
"Apr 1, 2019, 1:30:00 PM",1554109200,4138.59
"Apr 1, 2019, 2:30:00 PM",1554112800,4134.86
"Apr 1, 2019, 3:30:00 PM",1554116400,4130.6
"Apr 1, 2019, 4:30:00 PM",1554120000,4143.38
"Apr 1, 2019, 5:30:00 PM",1554123600,4150.08
"Apr 1, 2019, 6:30:00 PM",1554127200,4150.18
"Apr 1, 2019, 7:30:00 PM",1554130800,4152.03
"Apr 1, 2019, 8:30:00 PM",1554134400,4157.7
"Apr 1, 2019, 9:30:00 PM",1554138000,4147.92
"Apr 1, 2019, 10:30:00 PM",1554141600,4148.41
"Apr 1, 2019, 11:30:00 PM",1554145200,4145.09
"Apr 2, 2019, 12:30:00 AM",1554148800,4142.5
"Apr 2, 2019, 1:30:00 AM",1554152400,4147.47
"Apr 2, 2019, 2:30:00 AM",1554156000,4153.57
"Apr 2, 2019, 3:30:00 AM",1554159600,4151.32
"Apr 2, 2019, 4:30:00 AM",1554163200,4160.27
"Apr 2, 2019, 5:30:00 AM",1554166800,4167.43
"Apr 2, 2019, 6:30:00 AM",1554170400,4186.32
"Apr 2, 2019, 7:30:00 AM",1554174000,4186.65
"Apr 2, 2019, 8:30:00 AM",1554177600,4637.51
"Apr 2, 2019, 9:30:00 AM",1554181200,4786.18
"Apr 2, 2019, 10:30:00 AM",1554184800,4732.88
"Apr 2, 2019, 11:30:00 AM",1554188400,4713.14
"Apr 2, 2019, 12:30:00 PM",1554192000,4721.45
"Apr 2, 2019, 1:30:00 PM",1554195600,4824.44
"Apr 2, 2019, 2:30:00 PM",1554199200,4809.65
"Apr 2, 2019, 3:30:00 PM",1554202800,4802.72
"Apr 2, 2019, 4:30:00 PM",1554206400,4836.58
"Apr 2, 2019, 5:30:00 PM",1554210000,4826.14
"Apr 2, 2019, 6:30:00 PM",1554213600,4773.92
"Apr 2, 2019, 7:30:00 PM",1554217200,4773.12
"Apr 2, 2019, 8:30:00 PM",1554220800,4759.66
"Apr 2, 2019, 9:30:00 PM",1554224400,4743.22
"Apr 2, 2019, 10:30:00 PM",1554228000,4759.3
"Apr 2, 2019, 11:30:00 PM",1554231600,4785.22
"Apr 3, 2019, 12:30:00 AM",1554235200,4815.39
"Apr 3, 2019, 1:30:00 AM",1554238800,4804.45
"Apr 3, 2019, 2:30:00 AM",1554242400,4837.29
"Apr 3, 2019, 3:30:00 AM",1554246000,4906.93
"Apr 3, 2019, 4:30:00 AM",1554249600,4984.77
"Apr 3, 2019, 5:30:00 AM",1554253200,4976.97
"Apr 3, 2019, 6:30:00 AM",1554256800,5073.79
"Apr 3, 2019, 7:30:00 AM",1554260400,5057.58
"Apr 3, 2019, 8:30:00 AM",1554264000,4927.51
"Apr 3, 2019, 9:30:00 AM",1554267600,4958.07
"Apr 3, 2019, 10:30:00 AM",1554271200,4982.0
"Apr 3, 2019, 11:30:00 AM",1554274800,4970.88
"Apr 3, 2019, 12:30:00 PM",1554278400,4966.2
"Apr 3, 2019, 1:30:00 PM",1554282000,4984.66
"Apr 3, 2019, 2:30:00 PM",1554285600,4961.21
"Apr 3, 2019, 3:30:00 PM",1554289200,4978.0
"Apr 3, 2019, 4:30:00 PM",1554292800,5015.51
"Apr 3, 2019, 5:30:00 PM",1554296400,5050.51
"Apr 3, 2019, 6:30:00 PM",1554300000,5017.24
"Apr 3, 2019, 7:30:00 PM",1554303600,5017.59
"Apr 3, 2019, 8:30:00 PM",1554307200,5134.21
"Apr 3, 2019, 9:30:00 PM",1554310800,5126.87
"Apr 3, 2019, 10:30:00 PM",1554314400,5147.48
"Apr 3, 2019, 11:30:00 PM",1554318000,5142.18
"Apr 4, 2019, 12:30:00 AM",1554321600,5289.6
"Apr 4, 2019, 1:30:00 AM",1554325200,5186.1
"Apr 4, 2019, 2:30:00 AM",1554328800,5094.24
"Apr 4, 2019, 3:30:00 AM",1554332400,4976.59
"Apr 4, 2019, 4:30:00 AM",1554336000,5030.37
"Apr 4, 2019, 5:30:00 AM",1554339600,4991.49
"Apr 4, 2019, 6:30:00 AM",1554343200,5016.33
"Apr 4, 2019, 7:30:00 AM",1554346800,4969.91
"Apr 4, 2019, 8:30:00 AM",1554350400,5016.56
"Apr 4, 2019, 9:30:00 AM",1554354000,5033.23
"Apr 4, 2019, 10:30:00 AM",1554357600,5051.01
"Apr 4, 2019, 11:30:00 AM",1554361200,5041.91
"Apr 4, 2019, 12:30:00 PM",1554364800,5032.53
"Apr 4, 2019, 1:30:00 PM",1554368400,5019.28
"Apr 4, 2019, 2:30:00 PM",1554372000,4969.48
"Apr 4, 2019, 3:30:00 PM",1554375600,5001.28
"Apr 4, 2019, 4:30:00 PM",1554379200,5027.5
"Apr 4, 2019, 5:30:00 PM",1554382800,5021.78
"Apr 4, 2019, 6:30:00 PM",1554386400,5012.95
"Apr 4, 2019, 7:30:00 PM",1554390000,5010.71
"Apr 4, 2019, 8:30:00 PM",1554393600,4945.31
"Apr 4, 2019, 9:30:00 PM",1554397200,4908.14
"Apr 4, 2019, 10:30:00 PM",1554400800,4872.95
"Apr 4, 2019, 11:30:00 PM",1554404400,4837.74
"Apr 5, 2019, 12:30:00 AM",1554408000,4860.86
"Apr 5, 2019, 1:30:00 AM",1554411600,4938.6
"Apr 5, 2019, 2:30:00 AM",1554415200,4888.51
"Apr 5, 2019, 3:30:00 AM",1554418800,4913.36
"Apr 5, 2019, 4:30:00 AM",1554422400,4948.16
"Apr 5, 2019, 5:30:00 AM",1554426000,4924.59
"Apr 5, 2019, 6:30:00 AM",1554429600,4933.23
"Apr 5, 2019, 7:30:00 AM",1554433200,4904.44
"Apr 5, 2019, 8:30:00 AM",1554436800,4955.31
"Apr 5, 2019, 9:30:00 AM",1554440400,4985.49
"Apr 5, 2019, 10:30:00 AM",1554444000,4946.75
"Apr 5, 2019, 11:30:00 AM",1554447600,4948.78
"Apr 5, 2019, 12:30:00 PM",1554451200,4977.87
"Apr 5, 2019, 1:30:00 PM",1554454800,4962.07
"Apr 5, 2019, 2:30:00 PM",1554458400,4970.49
"Apr 5, 2019, 3:30:00 PM",1554462000,5011.44
"Apr 5, 2019, 4:30:00 PM",1554465600,5036.08
"Apr 5, 2019, 5:30:00 PM",1554469200,5014.59
"Apr 5, 2019, 6:30:00 PM",1554472800,4992.73
"Apr 5, 2019, 7:30:00 PM",1554476400,4997.87
"Apr 5, 2019, 8:30:00 PM",1554480000,5019.54
"Apr 5, 2019, 9:30:00 PM",1554483600,5038.41
"Apr 5, 2019, 10:30:00 PM",1554487200,5033.76
"Apr 5, 2019, 11:30:00 PM",1554490800,5027.25
"Apr 6, 2019, 12:30:00 AM",1554494400,5013.26
"Apr 6, 2019, 1:30:00 AM",1554498000,5019.84
"Apr 6, 2019, 2:30:00 AM",1554501600,5042.5
"Apr 6, 2019, 3:30:00 AM",1554505200,5047.23
"Apr 6, 2019, 4:30:00 AM",1554508800,5023.56
"Apr 6, 2019, 5:30:00 AM",1554512400,5010.08
"Apr 6, 2019, 6:30:00 AM",1554516000,5016.41
"Apr 6, 2019, 7:30:00 AM",1554519600,5013.79
"Apr 6, 2019, 8:30:00 AM",1554523200,5021.69
"Apr 6, 2019, 9:30:00 AM",1554526800,5031.23
"Apr 6, 2019, 10:30:00 AM",1554530400,5028.57
"Apr 6, 2019, 11:30:00 AM",1554534000,5015.14
"Apr 6, 2019, 12:30:00 PM",1554537600,5004.83
"Apr 6, 2019, 1:30:00 PM",1554541200,4997.34
"Apr 6, 2019, 2:30:00 PM",1554544800,5005.05
"Apr 6, 2019, 3:30:00 PM",1554548400,5014.18
"Apr 6, 2019, 4:30:00 PM",1554552000,5022.22
"Apr 6, 2019, 5:30:00 PM",1554555600,5031.43
"Apr 6, 2019, 6:30:00 PM",1554559200,5062.15
"Apr 6, 2019, 7:30:00 PM",1554562800,5128.6
"Apr 6, 2019, 8:30:00 PM",1554566400,5192.64
"Apr 6, 2019, 9:30:00 PM",1554570000,5156.14
"Apr 6, 2019, 10:30:00 PM",1554573600,5172.9
"Apr 6, 2019, 11:30:00 PM",1554577200,5168.03
"Apr 7, 2019, 12:30:00 AM",1554580800,5092.11
"Apr 7, 2019, 1:30:00 AM",1554584400,5023.18
"Apr 7, 2019, 2:30:00 AM",1554588000,5043.51
"Apr 7, 2019, 3:30:00 AM",1554591600,5057.25
"Apr 7, 2019, 4:30:00 AM",1554595200,5052.14
"Apr 7, 2019, 5:30:00 AM",1554598800,5059.25
"Apr 7, 2019, 6:30:00 AM",1554602400,5139.36
"Apr 7, 2019, 7:30:00 AM",1554606000,5145.05
"Apr 7, 2019, 8:30:00 AM",1554609600,5154.61
"Apr 7, 2019, 9:30:00 AM",1554613200,5116.52
"Apr 7, 2019, 10:30:00 AM",1554616800,5139.99
"Apr 7, 2019, 11:30:00 AM",1554620400,5143.52
"Apr 7, 2019, 12:30:00 PM",1554624000,5169.28
"Apr 7, 2019, 1:30:00 PM",1554627600,5148.05
"Apr 7, 2019, 2:30:00 PM",1554631200,5135.39
"Apr 7, 2019, 3:30:00 PM",1554634800,5129.55
"Apr 7, 2019, 4:30:00 PM",1554638400,5157.66
"Apr 7, 2019, 5:30:00 PM",1554642000,5165.08
"Apr 7, 2019, 6:30:00 PM",1554645600,5147.8
"Apr 7, 2019, 7:30:00 PM",1554649200,5135.77
"Apr 7, 2019, 8:30:00 PM",1554652800,5128.0
"Apr 7, 2019, 9:30:00 PM",1554656400,5138.87
"Apr 7, 2019, 10:30:00 PM",1554660000,5137.12
"Apr 7, 2019, 11:30:00 PM",1554663600,5140.25
"Apr 8, 2019, 12:30:00 AM",1554667200,5155.67
"Apr 8, 2019, 1:30:00 AM",1554670800,5169.04
"Apr 8, 2019, 2:30:00 AM",1554674400,5191.1
"Apr 8, 2019, 3:30:00 AM",1554678000,5201.16
"Apr 8, 2019, 4:30:00 AM",1554681600,5263.53
"Apr 8, 2019, 5:30:00 AM",1554685200,5281.44
"Apr 8, 2019, 6:30:00 AM",1554688800,5294.12
"Apr 8, 2019, 7:30:00 AM",1554692400,5253.72
"Apr 8, 2019, 8:30:00 AM",1554696000,5317.49
"Apr 8, 2019, 9:30:00 AM",1554699600,5292.76
"Apr 8, 2019, 10:30:00 AM",1554703200,5277.57
"Apr 8, 2019, 11:30:00 AM",1554706800,5258.37
"Apr 8, 2019, 12:30:00 PM",1554710400,5239.7
"Apr 8, 2019, 1:30:00 PM",1554714000,5266.14
"Apr 8, 2019, 2:30:00 PM",1554717600,5215.33
"Apr 8, 2019, 3:30:00 PM",1554721200,5148.92
"Apr 8, 2019, 4:30:00 PM",1554724800,5197.76
"Apr 8, 2019, 5:30:00 PM",1554728400,5193.51
"Apr 8, 2019, 6:30:00 PM",1554732000,5246.46
"Apr 8, 2019, 7:30:00 PM",1554735600,5243.44
"Apr 8, 2019, 8:30:00 PM",1554739200,5225.18
"Apr 8, 2019, 9:30:00 PM",1554742800,5213.21
"Apr 8, 2019, 10:30:00 PM",1554746400,5221.27
"Apr 8, 2019, 11:30:00 PM",1554750000,5209.77
"Apr 9, 2019, 12:30:00 AM",1554753600,5265.16
"Apr 9, 2019, 1:30:00 AM",1554757200,5285.32
"Apr 9, 2019, 2:30:00 AM",1554760800,5277.64
"Apr 9, 2019, 3:30:00 AM",1554764400,5294.09
"Apr 9, 2019, 4:30:00 AM",1554768000,5250.46
"Apr 9, 2019, 5:30:00 AM",1554771600,5259.03
"Apr 9, 2019, 6:30:00 AM",1554775200,5259.71
"Apr 9, 2019, 7:30:00 AM",1554778800,5241.62
"Apr 9, 2019, 8:30:00 AM",1554782400,5230.45
"Apr 9, 2019, 9:30:00 AM",1554786000,5219.86
"Apr 9, 2019, 10:30:00 AM",1554789600,5239.14
"Apr 9, 2019, 11:30:00 AM",1554793200,5228.83
"Apr 9, 2019, 12:30:00 PM",1554796800,5233.31
"Apr 9, 2019, 1:30:00 PM",1554800400,5197.37
"Apr 9, 2019, 2:30:00 PM",1554804000,5208.93
"Apr 9, 2019, 3:30:00 PM",1554807600,5215.99
"Apr 9, 2019, 4:30:00 PM",1554811200,5199.54
"Apr 9, 2019, 5:30:00 PM",1554814800,5213.54
"Apr 9, 2019, 6:30:00 PM",1554818400,5211.33
"Apr 9, 2019, 7:30:00 PM",1554822000,5217.89
"Apr 9, 2019, 8:30:00 PM",1554825600,5236.66
"Apr 9, 2019, 9:30:00 PM",1554829200,5221.11
"Apr 9, 2019, 10:30:00 PM",1554832800,5231.66
"Apr 9, 2019, 11:30:00 PM",1554836400,5224.46
"Apr 10, 2019, 12:30:00 AM",1554840000,5230.65
"Apr 10, 2019, 1:30:00 AM",1554843600,5227.21
"Apr 10, 2019, 2:30:00 AM",1554847200,5206.31
"Apr 10, 2019, 3:30:00 AM",1554850800,5201.3
"Apr 10, 2019, 4:30:00 AM",1554854400,5211.11
"Apr 10, 2019, 5:30:00 AM",1554858000,5237.89
"Apr 10, 2019, 6:30:00 AM",1554861600,5237.31
"Apr 10, 2019, 7:30:00 AM",1554865200,5227.11
"Apr 10, 2019, 8:30:00 AM",1554868800,5237.6
"Apr 10, 2019, 9:30:00 AM",1554872400,5263.83
"Apr 10, 2019, 10:30:00 AM",1554876000,5273.01
"Apr 10, 2019, 11:30:00 AM",1554879600,5249.07
"Apr 10, 2019, 12:30:00 PM",1554883200,5259.01
"Apr 10, 2019, 1:30:00 PM",1554886800,5256.24
"Apr 10, 2019, 2:30:00 PM",1554890400,5255.81
"Apr 10, 2019, 3:30:00 PM",1554894000,5251.05
"Apr 10, 2019, 4:30:00 PM",1554897600,5282.55
"Apr 10, 2019, 5:30:00 PM",1554901200,5275.1
"Apr 10, 2019, 6:30:00 PM",1554904800,5279.68
"Apr 10, 2019, 7:30:00 PM",1554908400,5284.14
"Apr 10, 2019, 8:30:00 PM",1554912000,5281.17
"Apr 10, 2019, 9:30:00 PM",1554915600,5301.49
"Apr 10, 2019, 10:30:00 PM",1554919200,5409.79
"Apr 10, 2019, 11:30:00 PM",1554922800,5409.28
"Apr 11, 2019, 12:30:00 AM",1554926400,5309.26
"Apr 11, 2019, 1:30:00 AM",1554930000,5297.47
"Apr 11, 2019, 2:30:00 AM",1554933600,5294.94
"Apr 11, 2019, 3:30:00 AM",1554937200,5318.6
"Apr 11, 2019, 4:30:00 AM",1554940800,5312.06
"Apr 11, 2019, 5:30:00 AM",1554944400,5300.16
"Apr 11, 2019, 6:30:00 AM",1554948000,5305.28
"Apr 11, 2019, 7:30:00 AM",1554951600,5189.0
"Apr 11, 2019, 8:30:00 AM",1554955200,5223.64
"Apr 11, 2019, 9:30:00 AM",1554958800,5217.02
"Apr 11, 2019, 10:30:00 AM",1554962400,5220.13
"Apr 11, 2019, 11:30:00 AM",1554966000,5200.46
"Apr 11, 2019, 12:30:00 PM",1554969600,5202.69
"Apr 11, 2019, 1:30:00 PM",1554973200,5082.25
"Apr 11, 2019, 2:30:00 PM",1554976800,5081.69
"Apr 11, 2019, 3:30:00 PM",1554980400,5061.47
"Apr 11, 2019, 4:30:00 PM",1554984000,5045.33
"Apr 11, 2019, 5:30:00 PM",1554987600,5040.05
"Apr 11, 2019, 6:30:00 PM",1554991200,5051.2
"Apr 11, 2019, 7:30:00 PM",1554994800,5044.01
"Apr 11, 2019, 8:30:00 PM",1554998400,5058.81
"Apr 11, 2019, 9:30:00 PM",1555002000,5062.16
"Apr 11, 2019, 10:30:00 PM",1555005600,5085.3
"Apr 11, 2019, 11:30:00 PM",1555009200,5078.83
"Apr 12, 2019, 12:30:00 AM",1555012800,5059.66
"Apr 12, 2019, 1:30:00 AM",1555016400,5032.83
"Apr 12, 2019, 2:30:00 AM",1555020000,5051.25
"Apr 12, 2019, 3:30:00 AM",1555023600,5048.56
"Apr 12, 2019, 4:30:00 AM",1555027200,5033.9
"Apr 12, 2019, 5:30:00 AM",1555030800,4972.25
"Apr 12, 2019, 6:30:00 AM",1555034400,5009.83
"Apr 12, 2019, 7:30:00 AM",1555038000,5031.82
"Apr 12, 2019, 8:30:00 AM",1555041600,5040.32
"Apr 12, 2019, 9:30:00 AM",1555045200,5027.54
"Apr 12, 2019, 10:30:00 AM",1555048800,5034.79
"Apr 12, 2019, 11:30:00 AM",1555052400,5039.9
"Apr 12, 2019, 12:30:00 PM",1555056000,5029.28
"Apr 12, 2019, 1:30:00 PM",1555059600,5037.09
"Apr 12, 2019, 2:30:00 PM",1555063200,5086.53
"Apr 12, 2019, 3:30:00 PM",1555066800,5082.37
"Apr 12, 2019, 4:30:00 PM",1555070400,5093.86
"Apr 12, 2019, 5:30:00 PM",1555074000,5073.22
"Apr 12, 2019, 6:30:00 PM",1555077600,5087.29
"Apr 12, 2019, 7:30:00 PM",1555081200,5077.58
"Apr 12, 2019, 8:30:00 PM",1555084800,5089.42
"Apr 12, 2019, 9:30:00 PM",1555088400,5078.0
"Apr 12, 2019, 10:30:00 PM",1555092000,5071.84
"Apr 12, 2019, 11:30:00 PM",1555095600,5068.29
"Apr 13, 2019, 12:30:00 AM",1555099200,5049.26
"Apr 13, 2019, 1:30:00 AM",1555102800,5069.52
"Apr 13, 2019, 2:30:00 AM",1555106400,5094.74
"Apr 13, 2019, 3:30:00 AM",1555110000,5081.5
"Apr 13, 2019, 4:30:00 AM",1555113600,5072.75
"Apr 13, 2019, 5:30:00 AM",1555117200,5083.31
"Apr 13, 2019, 6:30:00 AM",1555120800,5114.09
"Apr 13, 2019, 7:30:00 AM",1555124400,5115.31
"Apr 13, 2019, 8:30:00 AM",1555128000,5122.84
"Apr 13, 2019, 9:30:00 AM",1555131600,5122.79
"Apr 13, 2019, 10:30:00 AM",1555135200,5123.97
"Apr 13, 2019, 11:30:00 AM",1555138800,5101.6
"Apr 13, 2019, 12:30:00 PM",1555142400,5093.69
"Apr 13, 2019, 1:30:00 PM",1555146000,5084.33
"Apr 13, 2019, 2:30:00 PM",1555149600,5064.18
"Apr 13, 2019, 3:30:00 PM",1555153200,5070.14
"Apr 13, 2019, 4:30:00 PM",1555156800,5086.56
"Apr 13, 2019, 5:30:00 PM",1555160400,5080.87
"Apr 13, 2019, 6:30:00 PM",1555164000,5108.38
"Apr 13, 2019, 7:30:00 PM",1555167600,5096.16
"Apr 13, 2019, 8:30:00 PM",1555171200,5090.89
"Apr 13, 2019, 9:30:00 PM",1555174800,5106.71
"Apr 13, 2019, 10:30:00 PM",1555178400,5103.7
"Apr 13, 2019, 11:30:00 PM",1555182000,5090.7
"Apr 14, 2019, 12:30:00 AM",1555185600,5096.74
"Apr 14, 2019, 1:30:00 AM",1555189200,5088.21
"Apr 14, 2019, 2:30:00 AM",1555192800,5078.01
"Apr 14, 2019, 3:30:00 AM",1555196400,5080.66
"Apr 14, 2019, 4:30:00 AM",1555200000,5089.95
"Apr 14, 2019, 5:30:00 AM",1555203600,5084.97
"Apr 14, 2019, 6:30:00 AM",1555207200,5066.82
"Apr 14, 2019, 7:30:00 AM",1555210800,5066.0
"Apr 14, 2019, 8:30:00 AM",1555214400,5063.64
"Apr 14, 2019, 9:30:00 AM",1555218000,5057.96
"Apr 14, 2019, 10:30:00 AM",1555221600,5050.46
"Apr 14, 2019, 11:30:00 AM",1555225200,5072.94
"Apr 14, 2019, 12:30:00 PM",1555228800,5071.52
"Apr 14, 2019, 1:30:00 PM",1555232400,5077.08
"Apr 14, 2019, 2:30:00 PM",1555236000,5085.22
"Apr 14, 2019, 3:30:00 PM",1555239600,5078.42
"Apr 14, 2019, 4:30:00 PM",1555243200,5079.23
"Apr 14, 2019, 5:30:00 PM",1555246800,5086.12
"Apr 14, 2019, 6:30:00 PM",1555250400,5088.39
"Apr 14, 2019, 7:30:00 PM",1555254000,5088.99
"Apr 14, 2019, 8:30:00 PM",1555257600,5094.09
"Apr 14, 2019, 9:30:00 PM",1555261200,5102.86
"Apr 14, 2019, 10:30:00 PM",1555264800,5114.47
"Apr 14, 2019, 11:30:00 PM",1555268400,5099.85
"Apr 15, 2019, 12:30:00 AM",1555272000,5097.44
"Apr 15, 2019, 1:30:00 AM",1555275600,5114.78
"Apr 15, 2019, 2:30:00 AM",1555279200,5166.43
"Apr 15, 2019, 3:30:00 AM",1555282800,5165.59
"Apr 15, 2019, 4:30:00 AM",1555286400,5163.98
"Apr 15, 2019, 5:30:00 AM",1555290000,5174.12
"Apr 15, 2019, 6:30:00 AM",1555293600,5176.79
"Apr 15, 2019, 7:30:00 AM",1555297200,5167.82
"Apr 15, 2019, 8:30:00 AM",1555300800,5191.24
"Apr 15, 2019, 9:30:00 AM",1555304400,5176.85
"Apr 15, 2019, 10:30:00 AM",1555308000,5175.51
"Apr 15, 2019, 11:30:00 AM",1555311600,5169.69
"Apr 15, 2019, 12:30:00 PM",1555315200,5164.67
"Apr 15, 2019, 1:30:00 PM",1555318800,5171.82
"Apr 15, 2019, 2:30:00 PM",1555322400,5151.55
"Apr 15, 2019, 3:30:00 PM",1555326000,5146.76
"Apr 15, 2019, 4:30:00 PM",1555329600,5157.58
"Apr 15, 2019, 5:30:00 PM",1555333200,5154.39
"Apr 15, 2019, 6:30:00 PM",1555336800,5162.91
"Apr 15, 2019, 7:30:00 PM",1555340400,5165.77
"Apr 15, 2019, 8:30:00 PM",1555344000,5142.93
"Apr 15, 2019, 9:30:00 PM",1555347600,5066.38
"Apr 15, 2019, 10:30:00 PM",1555351200,5055.76
"Apr 15, 2019, 11:30:00 PM",1555354800,5022.56
"Apr 16, 2019, 12:30:00 AM",1555358400,5031.34
"Apr 16, 2019, 1:30:00 AM",1555362000,5029.75
"Apr 16, 2019, 2:30:00 AM",1555365600,5046.62
"Apr 16, 2019, 3:30:00 AM",1555369200,5037.27
"Apr 16, 2019, 4:30:00 AM",1555372800,5053.15
"Apr 16, 2019, 5:30:00 AM",1555376400,5054.57
"Apr 16, 2019, 6:30:00 AM",1555380000,5044.93
"Apr 16, 2019, 7:30:00 AM",1555383600,5054.97
"Apr 16, 2019, 8:30:00 AM",1555387200,5060.19
"Apr 16, 2019, 9:30:00 AM",1555390800,5077.82
"Apr 16, 2019, 10:30:00 AM",1555394400,5073.2
"Apr 16, 2019, 11:30:00 AM",1555398000,5079.0
"Apr 16, 2019, 12:30:00 PM",1555401600,5082.82
"Apr 16, 2019, 1:30:00 PM",1555405200,5091.6
"Apr 16, 2019, 2:30:00 PM",1555408800,5069.07
"Apr 16, 2019, 3:30:00 PM",1555412400,5077.77
"Apr 16, 2019, 4:30:00 PM",1555416000,5046.83
"Apr 16, 2019, 5:30:00 PM",1555419600,5049.19
"Apr 16, 2019, 6:30:00 PM",1555423200,5065.58
"Apr 16, 2019, 7:30:00 PM",1555426800,5090.75
"Apr 16, 2019, 8:30:00 PM",1555430400,5091.15
"Apr 16, 2019, 9:30:00 PM",1555434000,5215.84
"Apr 16, 2019, 10:30:00 PM",1555437600,5194.12
"Apr 16, 2019, 11:30:00 PM",1555441200,5203.0
"Apr 17, 2019, 12:30:00 AM",1555444800,5194.16
"Apr 17, 2019, 1:30:00 AM",1555448400,5212.54
"Apr 17, 2019, 2:30:00 AM",1555452000,5206.75
"Apr 17, 2019, 3:30:00 AM",1555455600,5212.81
"Apr 17, 2019, 4:30:00 AM",1555459200,5238.91
"Apr 17, 2019, 5:30:00 AM",1555462800,5228.27
"Apr 17, 2019, 6:30:00 AM",1555466400,5232.16
"Apr 17, 2019, 7:30:00 AM",1555470000,5237.75
"Apr 17, 2019, 8:30:00 AM",1555473600,5244.92
"Apr 17, 2019, 9:30:00 AM",1555477200,5235.04
"Apr 17, 2019, 10:30:00 AM",1555480800,5221.45
"Apr 17, 2019, 11:30:00 AM",1555484400,5226.08
"Apr 17, 2019, 12:30:00 PM",1555488000,5210.43
"Apr 17, 2019, 1:30:00 PM",1555491600,5222.73
"Apr 17, 2019, 2:30:00 PM",1555495200,5237.49
"Apr 17, 2019, 3:30:00 PM",1555498800,5260.13
"Apr 17, 2019, 4:30:00 PM",1555502400,5205.29
"Apr 17, 2019, 5:30:00 PM",1555506000,5221.8
"Apr 17, 2019, 6:30:00 PM",1555509600,5223.84
"Apr 17, 2019, 7:30:00 PM",1555513200,5219.56
"Apr 17, 2019, 8:30:00 PM",1555516800,5224.95
"Apr 17, 2019, 9:30:00 PM",1555520400,5236.19
"Apr 17, 2019, 10:30:00 PM",1555524000,5234.73
"Apr 17, 2019, 11:30:00 PM",1555527600,5241.4
"Apr 18, 2019, 12:30:00 AM",1555531200,5231.65
"Apr 18, 2019, 1:30:00 AM",1555534800,5244.23
"Apr 18, 2019, 2:30:00 AM",1555538400,5231.19
"Apr 18, 2019, 3:30:00 AM",1555542000,5236.26
"Apr 18, 2019, 4:30:00 AM",1555545600,5238.71
"Apr 18, 2019, 5:30:00 AM",1555549200,5273.1
"Apr 18, 2019, 6:30:00 AM",1555552800,5270.79
"Apr 18, 2019, 7:30:00 AM",1555556400,5281.28
"Apr 18, 2019, 8:30:00 AM",1555560000,5285.06
"Apr 18, 2019, 9:30:00 AM",1555563600,5272.16
"Apr 18, 2019, 10:30:00 AM",1555567200,5278.23
"Apr 18, 2019, 11:30:00 AM",1555570800,5275.23
"Apr 18, 2019, 12:30:00 PM",1555574400,5256.74
"Apr 18, 2019, 1:30:00 PM",1555578000,5256.84
"Apr 18, 2019, 2:30:00 PM",1555581600,5251.62
"Apr 18, 2019, 3:30:00 PM",1555585200,5247.41
"Apr 18, 2019, 4:30:00 PM",1555588800,5258.23
"Apr 18, 2019, 5:30:00 PM",1555592400,5270.96
"Apr 18, 2019, 6:30:00 PM",1555596000,5256.35
"Apr 18, 2019, 7:30:00 PM",1555599600,5259.23
"Apr 18, 2019, 8:30:00 PM",1555603200,5262.5
"Apr 18, 2019, 9:30:00 PM",1555606800,5268.15
"Apr 18, 2019, 10:30:00 PM",1555610400,5278.12
"Apr 18, 2019, 11:30:00 PM",1555614000,5297.97
"Apr 19, 2019, 12:30:00 AM",1555617600,5313.4
"Apr 19, 2019, 1:30:00 AM",1555621200,5302.0
"Apr 19, 2019, 2:30:00 AM",1555624800,5293.52
"Apr 19, 2019, 3:30:00 AM",1555628400,5289.75
"Apr 19, 2019, 4:30:00 AM",1555632000,5282.77
"Apr 19, 2019, 5:30:00 AM",1555635600,5231.14
"Apr 19, 2019, 6:30:00 AM",1555639200,5228.14
"Apr 19, 2019, 7:30:00 AM",1555642800,5238.41
"Apr 19, 2019, 8:30:00 AM",1555646400,5248.4
"Apr 19, 2019, 9:30:00 AM",1555650000,5240.97
"Apr 19, 2019, 10:30:00 AM",1555653600,5249.78
"Apr 19, 2019, 11:30:00 AM",1555657200,5256.31
"Apr 19, 2019, 12:30:00 PM",1555660800,5266.75
"Apr 19, 2019, 1:30:00 PM",1555664400,5265.33
"Apr 19, 2019, 2:30:00 PM",1555668000,5265.51
"Apr 19, 2019, 3:30:00 PM",1555671600,5268.24
"Apr 19, 2019, 4:30:00 PM",1555675200,5255.55
"Apr 19, 2019, 5:30:00 PM",1555678800,5259.15
"Apr 19, 2019, 6:30:00 PM",1555682400,5255.7
"Apr 19, 2019, 7:30:00 PM",1555686000,5289.47
"Apr 19, 2019, 8:30:00 PM",1555689600,5287.15
"Apr 19, 2019, 9:30:00 PM",1555693200,5283.94
"Apr 19, 2019, 10:30:00 PM",1555696800,5299.6
"Apr 19, 2019, 11:30:00 PM",1555700400,5304.09
"Apr 20, 2019, 12:30:00 AM",1555704000,5275.11
"Apr 20, 2019, 1:30:00 AM",1555707600,5279.75
"Apr 20, 2019, 2:30:00 AM",1555711200,5285.39
"Apr 20, 2019, 3:30:00 AM",1555714800,5295.53
"Apr 20, 2019, 4:30:00 AM",1555718400,5296.12
"Apr 20, 2019, 5:30:00 AM",1555722000,5313.91
"Apr 20, 2019, 6:30:00 AM",1555725600,5308.96
"Apr 20, 2019, 7:30:00 AM",1555729200,5312.1
"Apr 20, 2019, 8:30:00 AM",1555732800,5333.52
"Apr 20, 2019, 9:30:00 AM",1555736400,5337.42
"Apr 20, 2019, 10:30:00 AM",1555740000,5331.64
"Apr 20, 2019, 11:30:00 AM",1555743600,5338.78
"Apr 20, 2019, 12:30:00 PM",1555747200,5334.68
"Apr 20, 2019, 1:30:00 PM",1555750800,5331.19
"Apr 20, 2019, 2:30:00 PM",1555754400,5323.93
"Apr 20, 2019, 3:30:00 PM",1555758000,5320.77
"Apr 20, 2019, 4:30:00 PM",1555761600,5329.53
"Apr 20, 2019, 5:30:00 PM",1555765200,5328.86
"Apr 20, 2019, 6:30:00 PM",1555768800,5322.53
"Apr 20, 2019, 7:30:00 PM",1555772400,5327.41
"Apr 20, 2019, 8:30:00 PM",1555776000,5338.16
"Apr 20, 2019, 9:30:00 PM",1555779600,5318.95
"Apr 20, 2019, 10:30:00 PM",1555783200,5324.69
"Apr 20, 2019, 11:30:00 PM",1555786800,5333.37
"Apr 21, 2019, 12:30:00 AM",1555790400,5331.01
"Apr 21, 2019, 1:30:00 AM",1555794000,5286.62
"Apr 21, 2019, 2:30:00 AM",1555797600,5302.02
"Apr 21, 2019, 3:30:00 AM",1555801200,5326.18
"Apr 21, 2019, 4:30:00 AM",1555804800,5337.86
"Apr 21, 2019, 5:30:00 AM",1555808400,5336.28
"Apr 21, 2019, 6:30:00 AM",1555812000,5344.32
"Apr 21, 2019, 7:30:00 AM",1555815600,5341.74
"Apr 21, 2019, 8:30:00 AM",1555819200,5335.17
"Apr 21, 2019, 9:30:00 AM",1555822800,5321.29
"Apr 21, 2019, 10:30:00 AM",1555826400,5332.31
"Apr 21, 2019, 11:30:00 AM",1555830000,5325.49
"Apr 21, 2019, 12:30:00 PM",1555833600,5318.09
"Apr 21, 2019, 1:30:00 PM",1555837200,5262.07
"Apr 21, 2019, 2:30:00 PM",1555840800,5278.13
"Apr 21, 2019, 3:30:00 PM",1555844400,5272.54
"Apr 21, 2019, 4:30:00 PM",1555848000,5260.77
"Apr 21, 2019, 5:30:00 PM",1555851600,5277.64
"Apr 21, 2019, 6:30:00 PM",1555855200,5281.24
"Apr 21, 2019, 7:30:00 PM",1555858800,5289.14
"Apr 21, 2019, 8:30:00 PM",1555862400,5280.69
"Apr 21, 2019, 9:30:00 PM",1555866000,5272.3
"Apr 21, 2019, 10:30:00 PM",1555869600,5249.21
"Apr 21, 2019, 11:30:00 PM",1555873200,5267.12
"Apr 22, 2019, 12:30:00 AM",1555876800,5252.25
"Apr 22, 2019, 1:30:00 AM",1555880400,5283.03
"Apr 22, 2019, 2:30:00 AM",1555884000,5303.15
"Apr 22, 2019, 3:30:00 AM",1555887600,5305.74
"Apr 22, 2019, 4:30:00 AM",1555891200,5303.03
"Apr 22, 2019, 5:30:00 AM",1555894800,5280.28
"Apr 22, 2019, 6:30:00 AM",1555898400,5276.72
"Apr 22, 2019, 7:30:00 AM",1555902000,5268.05
"Apr 22, 2019, 8:30:00 AM",1555905600,5287.32
"Apr 22, 2019, 9:30:00 AM",1555909200,5285.05
"Apr 22, 2019, 10:30:00 AM",1555912800,5297.45
"Apr 22, 2019, 11:30:00 AM",1555916400,5290.13
"Apr 22, 2019, 12:30:00 PM",1555920000,5301.42
"Apr 22, 2019, 1:30:00 PM",1555923600,5311.26
"Apr 22, 2019, 2:30:00 PM",1555927200,5325.75
"Apr 22, 2019, 3:30:00 PM",1555930800,5318.46
"Apr 22, 2019, 4:30:00 PM",1555934400,5319.03
"Apr 22, 2019, 5:30:00 PM",1555938000,5309.55
"Apr 22, 2019, 6:30:00 PM",1555941600,5328.69
"Apr 22, 2019, 7:30:00 PM",1555945200,5322.88
"Apr 22, 2019, 8:30:00 PM",1555948800,5313.78
"Apr 22, 2019, 9:30:00 PM",1555952400,5376.97
"Apr 22, 2019, 10:30:00 PM",1555956000,5417.31
"Apr 22, 2019, 11:30:00 PM",1555959600,5395.77
"Apr 23, 2019, 12:30:00 AM",1555963200,5379.79
"Apr 23, 2019, 1:30:00 AM",1555966800,5394.52
"Apr 23, 2019, 2:30:00 AM",1555970400,5409.24
"Apr 23, 2019, 3:30:00 AM",1555974000,5394.67
"Apr 23, 2019, 4:30:00 AM",1555977600,5385.74
"Apr 23, 2019, 5:30:00 AM",1555981200,5393.94
"Apr 23, 2019, 6:30:00 AM",1555984800,5408.76
"Apr 23, 2019, 7:30:00 AM",1555988400,5438.45
"Apr 23, 2019, 8:30:00 AM",1555992000,5523.1
"Apr 23, 2019, 9:30:00 AM",1555995600,5547.99
"Apr 23, 2019, 10:30:00 AM",1555999200,5549.5
"Apr 23, 2019, 11:30:00 AM",1556002800,5553.24
"Apr 23, 2019, 12:30:00 PM",1556006400,5558.41
"Apr 23, 2019, 1:30:00 PM",1556010000,5549.64
"Apr 23, 2019, 2:30:00 PM",1556013600,5563.7
"Apr 23, 2019, 3:30:00 PM",1556017200,5568.7
"Apr 23, 2019, 4:30:00 PM",1556020800,5581.73
"Apr 23, 2019, 5:30:00 PM",1556024400,5585.18
"Apr 23, 2019, 6:30:00 PM",1556028000,5593.0
"Apr 23, 2019, 7:30:00 PM",1556031600,5576.4
"Apr 23, 2019, 8:30:00 PM",1556035200,5583.22
"Apr 23, 2019, 9:30:00 PM",1556038800,5593.7
"Apr 23, 2019, 10:30:00 PM",1556042400,5615.43
"Apr 23, 2019, 11:30:00 PM",1556046000,5596.69
"Apr 24, 2019, 12:30:00 AM",1556049600,5588.31
"Apr 24, 2019, 1:30:00 AM",1556053200,5578.58
"Apr 24, 2019, 2:30:00 AM",1556056800,5568.23
"Apr 24, 2019, 3:30:00 AM",1556060400,5539.1
"Apr 24, 2019, 4:30:00 AM",1556064000,5543.99
"Apr 24, 2019, 5:30:00 AM",1556067600,5556.03
"Apr 24, 2019, 6:30:00 AM",1556071200,5568.89
"Apr 24, 2019, 7:30:00 AM",1556074800,5582.54
"Apr 24, 2019, 8:30:00 AM",1556078400,5603.71
"Apr 24, 2019, 9:30:00 AM",1556082000,5621.71
"Apr 24, 2019, 10:30:00 AM",1556085600,5605.54
"Apr 24, 2019, 11:30:00 AM",1556089200,5480.2
"Apr 24, 2019, 12:30:00 PM",1556092800,5494.61
"Apr 24, 2019, 1:30:00 PM",1556096400,5475.32
"Apr 24, 2019, 2:30:00 PM",1556100000,5435.37
"Apr 24, 2019, 3:30:00 PM",1556103600,5443.03
"Apr 24, 2019, 4:30:00 PM",1556107200,5468.26
"Apr 24, 2019, 5:30:00 PM",1556110800,5452.91
"Apr 24, 2019, 6:30:00 PM",1556114400,5475.21
"Apr 24, 2019, 7:30:00 PM",1556118000,5473.03
"Apr 24, 2019, 8:30:00 PM",1556121600,5453.48
"Apr 24, 2019, 9:30:00 PM",1556125200,5430.98
"Apr 24, 2019, 10:30:00 PM",1556128800,5414.71
"Apr 24, 2019, 11:30:00 PM",1556132400,5445.39
"Apr 25, 2019, 12:30:00 AM",1556136000,5450.69
"Apr 25, 2019, 1:30:00 AM",1556139600,5444.83
"Apr 25, 2019, 2:30:00 AM",1556143200,5453.91
"Apr 25, 2019, 3:30:00 AM",1556146800,5454.58
"Apr 25, 2019, 4:30:00 AM",1556150400,5465.39
"Apr 25, 2019, 5:30:00 AM",1556154000,5465.78
"Apr 25, 2019, 6:30:00 AM",1556157600,5439.8
"Apr 25, 2019, 7:30:00 AM",1556161200,5446.89
"Apr 25, 2019, 8:30:00 AM",1556164800,5435.78
"Apr 25, 2019, 9:30:00 AM",1556168400,5435.99
"Apr 25, 2019, 10:30:00 AM",1556172000,5414.11
"Apr 25, 2019, 11:30:00 AM",1556175600,5435.65
"Apr 25, 2019, 12:30:00 PM",1556179200,5431.96
"Apr 25, 2019, 1:30:00 PM",1556182800,5428.49
"Apr 25, 2019, 2:30:00 PM",1556186400,5468.74
"Apr 25, 2019, 3:30:00 PM",1556190000,5475.98
"Apr 25, 2019, 4:30:00 PM",1556193600,5466.69
"Apr 25, 2019, 5:30:00 PM",1556197200,5466.66
"Apr 25, 2019, 6:30:00 PM",1556200800,5459.88
"Apr 25, 2019, 7:30:00 PM",1556204400,5467.73
"Apr 25, 2019, 8:30:00 PM",1556208000,5489.07
"Apr 25, 2019, 9:30:00 PM",1556211600,5503.5
"Apr 25, 2019, 10:30:00 PM",1556215200,5509.95
"Apr 25, 2019, 11:30:00 PM",1556218800,5496.87
"Apr 26, 2019, 12:30:00 AM",1556222400,5506.57
"Apr 26, 2019, 1:30:00 AM",1556226000,5405.82
"Apr 26, 2019, 2:30:00 AM",1556229600,5152.24
"Apr 26, 2019, 3:30:00 AM",1556233200,5162.67
"Apr 26, 2019, 4:30:00 AM",1556236800,5169.73
"Apr 26, 2019, 5:30:00 AM",1556240400,5195.1
"Apr 26, 2019, 6:30:00 AM",1556244000,5292.03
"Apr 26, 2019, 7:30:00 AM",1556247600,5274.25
"Apr 26, 2019, 8:30:00 AM",1556251200,5253.8
"Apr 26, 2019, 9:30:00 AM",1556254800,5262.36
"Apr 26, 2019, 10:30:00 AM",1556258400,5243.47
"Apr 26, 2019, 11:30:00 AM",1556262000,5235.93
"Apr 26, 2019, 12:30:00 PM",1556265600,5258.78
"Apr 26, 2019, 1:30:00 PM",1556269200,5243.51
"Apr 26, 2019, 2:30:00 PM",1556272800,5239.36
"Apr 26, 2019, 3:30:00 PM",1556276400,5235.84
"Apr 26, 2019, 4:30:00 PM",1556280000,5260.5
"Apr 26, 2019, 5:30:00 PM",1556283600,5246.71
"Apr 26, 2019, 6:30:00 PM",1556287200,5251.16
"Apr 26, 2019, 7:30:00 PM",1556290800,5221.19
"Apr 26, 2019, 8:30:00 PM",1556294400,5194.41
"Apr 26, 2019, 9:30:00 PM",1556298000,5194.23
"Apr 26, 2019, 10:30:00 PM",1556301600,5168.93
"Apr 26, 2019, 11:30:00 PM",1556305200,5181.54
"Apr 27, 2019, 12:30:00 AM",1556308800,5194.07
"Apr 27, 2019, 1:30:00 AM",1556312400,5213.56
"Apr 27, 2019, 2:30:00 AM",1556316000,5238.39
"Apr 27, 2019, 3:30:00 AM",1556319600,5234.09
"Apr 27, 2019, 4:30:00 AM",1556323200,5231.03
"Apr 27, 2019, 5:30:00 AM",1556326800,5225.68
"Apr 27, 2019, 6:30:00 AM",1556330400,5222.9
"Apr 27, 2019, 7:30:00 AM",1556334000,5217.17
"Apr 27, 2019, 8:30:00 AM",1556337600,5208.25
"Apr 27, 2019, 9:30:00 AM",1556341200,5220.84
"Apr 27, 2019, 10:30:00 AM",1556344800,5235.37
"Apr 27, 2019, 11:30:00 AM",1556348400,5237.85
"Apr 27, 2019, 12:30:00 PM",1556352000,5226.47
"Apr 27, 2019, 1:30:00 PM",1556355600,5210.89
"Apr 27, 2019, 2:30:00 PM",1556359200,5220.23
"Apr 27, 2019, 3:30:00 PM",1556362800,5219.25
"Apr 27, 2019, 4:30:00 PM",1556366400,5208.43
"Apr 27, 2019, 5:30:00 PM",1556370000,5214.52
"Apr 27, 2019, 6:30:00 PM",1556373600,5225.52
"Apr 27, 2019, 7:30:00 PM",1556377200,5214.24
"Apr 27, 2019, 8:30:00 PM",1556380800,5228.32
"Apr 27, 2019, 9:30:00 PM",1556384400,5241.27
"Apr 27, 2019, 10:30:00 PM",1556388000,5237.07
"Apr 27, 2019, 11:30:00 PM",1556391600,5269.29
"Apr 28, 2019, 12:30:00 AM",1556395200,5266.93
"Apr 28, 2019, 1:30:00 AM",1556398800,5262.0
"Apr 28, 2019, 2:30:00 AM",1556402400,5260.87
"Apr 28, 2019, 3:30:00 AM",1556406000,5233.47
"Apr 28, 2019, 4:30:00 AM",1556409600,5252.16
"Apr 28, 2019, 5:30:00 AM",1556413200,5247.93
"Apr 28, 2019, 6:30:00 AM",1556416800,5234.68
"Apr 28, 2019, 7:30:00 AM",1556420400,5245.5
"Apr 28, 2019, 8:30:00 AM",1556424000,5245.18
"Apr 28, 2019, 9:30:00 AM",1556427600,5248.57
"Apr 28, 2019, 10:30:00 AM",1556431200,5256.87
"Apr 28, 2019, 11:30:00 AM",1556434800,5268.94
"Apr 28, 2019, 12:30:00 PM",1556438400,5269.97
"Apr 28, 2019, 1:30:00 PM",1556442000,5258.84
"Apr 28, 2019, 2:30:00 PM",1556445600,5287.07
"Apr 28, 2019, 3:30:00 PM",1556449200,5309.17
"Apr 28, 2019, 4:30:00 PM",1556452800,5296.97
"Apr 28, 2019, 5:30:00 PM",1556456400,5265.09
"Apr 28, 2019, 6:30:00 PM",1556460000,5273.76
"Apr 28, 2019, 7:30:00 PM",1556463600,5309.62
"Apr 28, 2019, 8:30:00 PM",1556467200,5297.98
"Apr 28, 2019, 9:30:00 PM",1556470800,5291.37
"Apr 28, 2019, 10:30:00 PM",1556474400,5282.58
"Apr 28, 2019, 11:30:00 PM",1556478000,5259.29
"Apr 29, 2019, 12:30:00 AM",1556481600,5254.07
"Apr 29, 2019, 1:30:00 AM",1556485200,5257.48
"Apr 29, 2019, 2:30:00 AM",1556488800,5271.0
"Apr 29, 2019, 3:30:00 AM",1556492400,5272.45
"Apr 29, 2019, 4:30:00 AM",1556496000,5282.46
"Apr 29, 2019, 5:30:00 AM",1556499600,5285.06
"Apr 29, 2019, 6:30:00 AM",1556503200,5291.3
"Apr 29, 2019, 7:30:00 AM",1556506800,5290.54
"Apr 29, 2019, 8:30:00 AM",1556510400,5297.88
"Apr 29, 2019, 9:30:00 AM",1556514000,5292.4
"Apr 29, 2019, 10:30:00 AM",1556517600,5293.31
"Apr 29, 2019, 11:30:00 AM",1556521200,5278.56
"Apr 29, 2019, 12:30:00 PM",1556524800,5285.43
"Apr 29, 2019, 1:30:00 PM",1556528400,5272.62
"Apr 29, 2019, 2:30:00 PM",1556532000,5243.97
"Apr 29, 2019, 3:30:00 PM",1556535600,5244.34
"Apr 29, 2019, 4:30:00 PM",1556539200,5213.45
"Apr 29, 2019, 5:30:00 PM",1556542800,5213.23
"Apr 29, 2019, 6:30:00 PM",1556546400,5228.91
"Apr 29, 2019, 7:30:00 PM",1556550000,5208.32
"Apr 29, 2019, 8:30:00 PM",1556553600,5228.34
"Apr 29, 2019, 9:30:00 PM",1556557200,5221.44
"Apr 29, 2019, 10:30:00 PM",1556560800,5227.86
"Apr 29, 2019, 11:30:00 PM",1556564400,5231.14
"Apr 30, 2019, 12:30:00 AM",1556568000,5211.95
"Apr 30, 2019, 1:30:00 AM",1556571600,5212.19
"Apr 30, 2019, 2:30:00 AM",1556575200,5205.04
"Apr 30, 2019, 3:30:00 AM",1556578800,5237.96
"Apr 30, 2019, 4:30:00 AM",1556582400,5239.36
"Apr 30, 2019, 5:30:00 AM",1556586000,5250.4
"Apr 30, 2019, 6:30:00 AM",1556589600,5252.69
"Apr 30, 2019, 7:30:00 AM",1556593200,5241.37
"Apr 30, 2019, 8:30:00 AM",1556596800,5227.19
"Apr 30, 2019, 9:30:00 AM",1556600400,5230.83
"Apr 30, 2019, 10:30:00 AM",1556604000,5237.77
"Apr 30, 2019, 11:30:00 AM",1556607600,5241.78
"Apr 30, 2019, 12:30:00 PM",1556611200,5252.9
"Apr 30, 2019, 1:30:00 PM",1556614800,5240.33
"Apr 30, 2019, 2:30:00 PM",1556618400,5273.57
"Apr 30, 2019, 3:30:00 PM",1556622000,5297.22
"Apr 30, 2019, 4:30:00 PM",1556625600,5298.84
"Apr 30, 2019, 5:30:00 PM",1556629200,5345.81
"Apr 30, 2019, 6:30:00 PM",1556632800,5350.73
"Apr 30, 2019, 7:30:00 PM",1556636400,5355.0
"Apr 30, 2019, 8:30:00 PM",1556640000,5339.89
"Apr 30, 2019, 9:30:00 PM",1556643600,5329.51
"Apr 30, 2019, 10:30:00 PM",1556647200,5343.57
"Apr 30, 2019, 11:30:00 PM",1556650800,5332.73
"May 1, 2019, 12:30:00 AM",1556654400,5331.7
"May 1, 2019, 1:30:00 AM",1556658000,5349.69
"May 1, 2019, 2:30:00 AM",1556661600,5369.88
"May 1, 2019, 3:30:00 AM",1556665200,5350.64
"May 1, 2019, 4:30:00 AM",1556668800,5375.25
"May 1, 2019, 5:30:00 AM",1556672400,5379.61
"May 1, 2019, 6:30:00 AM",1556676000,5393.32
"May 1, 2019, 7:30:00 AM",1556679600,5387.11
"May 1, 2019, 8:30:00 AM",1556683200,5386.6
"May 1, 2019, 9:30:00 AM",1556686800,5392.44
"May 1, 2019, 10:30:00 AM",1556690400,5393.38
"May 1, 2019, 11:30:00 AM",1556694000,5388.16
"May 1, 2019, 12:30:00 PM",1556697600,5373.54
"May 1, 2019, 1:30:00 PM",1556701200,5380.92
"May 1, 2019, 2:30:00 PM",1556704800,5381.95
"May 1, 2019, 3:30:00 PM",1556708400,5391.45
"May 1, 2019, 4:30:00 PM",1556712000,5376.12
"May 1, 2019, 5:30:00 PM",1556715600,5364.02
"May 1, 2019, 6:30:00 PM",1556719200,5363.8
"May 1, 2019, 7:30:00 PM",1556722800,5368.22
"May 1, 2019, 8:30:00 PM",1556726400,5363.56
"May 1, 2019, 9:30:00 PM",1556730000,5413.39
"May 1, 2019, 10:30:00 PM",1556733600,5376.9
"May 1, 2019, 11:30:00 PM",1556737200,5371.51
"May 2, 2019, 12:30:00 AM",1556740800,5376.87
"May 2, 2019, 1:30:00 AM",1556744400,5369.82
"May 2, 2019, 2:30:00 AM",1556748000,5372.96
"May 2, 2019, 3:30:00 AM",1556751600,5389.54
"May 2, 2019, 4:30:00 AM",1556755200,5392.76
"May 2, 2019, 5:30:00 AM",1556758800,5391.35
"May 2, 2019, 6:30:00 AM",1556762400,5403.61
"May 2, 2019, 7:30:00 AM",1556766000,5413.8
"May 2, 2019, 8:30:00 AM",1556769600,5405.49
"May 2, 2019, 9:30:00 AM",1556773200,5409.35
"May 2, 2019, 10:30:00 AM",1556776800,5407.72
"May 2, 2019, 11:30:00 AM",1556780400,5436.49
"May 2, 2019, 12:30:00 PM",1556784000,5469.32
"May 2, 2019, 1:30:00 PM",1556787600,5457.46
"May 2, 2019, 2:30:00 PM",1556791200,5463.16
"May 2, 2019, 3:30:00 PM",1556794800,5470.2
"May 2, 2019, 4:30:00 PM",1556798400,5487.08
"May 2, 2019, 5:30:00 PM",1556802000,5488.09
"May 2, 2019, 6:30:00 PM",1556805600,5494.2
"May 2, 2019, 7:30:00 PM",1556809200,5517.91
"May 2, 2019, 8:30:00 PM",1556812800,5482.47
"May 2, 2019, 9:30:00 PM",1556816400,5499.47
"May 2, 2019, 10:30:00 PM",1556820000,5496.39
"May 2, 2019, 11:30:00 PM",1556823600,5509.0
"May 3, 2019, 12:30:00 AM",1556827200,5515.56
"May 3, 2019, 1:30:00 AM",1556830800,5508.71
"May 3, 2019, 2:30:00 AM",1556834400,5507.57
"May 3, 2019, 3:30:00 AM",1556838000,5500.72
"May 3, 2019, 4:30:00 AM",1556841600,5544.07
"May 3, 2019, 5:30:00 AM",1556845200,5554.39
"May 3, 2019, 6:30:00 AM",1556848800,5588.69
"May 3, 2019, 7:30:00 AM",1556852400,5587.55
"May 3, 2019, 8:30:00 AM",1556856000,5600.87
"May 3, 2019, 9:30:00 AM",1556859600,5600.48
"May 3, 2019, 10:30:00 AM",1556863200,5628.65
"May 3, 2019, 11:30:00 AM",1556866800,5682.98
"May 3, 2019, 12:30:00 PM",1556870400,5769.82
"May 3, 2019, 1:30:00 PM",1556874000,5875.75
"May 3, 2019, 2:30:00 PM",1556877600,5774.42
"May 3, 2019, 3:30:00 PM",1556881200,5790.61
"May 3, 2019, 4:30:00 PM",1556884800,5802.78
"May 3, 2019, 5:30:00 PM",1556888400,5831.55
"May 3, 2019, 6:30:00 PM",1556892000,5818.42
"May 3, 2019, 7:30:00 PM",1556895600,5805.37
"May 3, 2019, 8:30:00 PM",1556899200,5784.81
"May 3, 2019, 9:30:00 PM",1556902800,5760.06
"May 3, 2019, 10:30:00 PM",1556906400,5785.78
"May 3, 2019, 11:30:00 PM",1556910000,5772.71
"May 4, 2019, 12:30:00 AM",1556913600,5788.31
"May 4, 2019, 1:30:00 AM",1556917200,5793.45
"May 4, 2019, 2:30:00 AM",1556920800,5771.72
"May 4, 2019, 3:30:00 AM",1556924400,5753.38
"May 4, 2019, 4:30:00 AM",1556928000,5824.88
"May 4, 2019, 5:30:00 AM",1556931600,5878.47
"May 4, 2019, 6:30:00 AM",1556935200,5845.0
"May 4, 2019, 7:30:00 AM",1556938800,5822.11
"May 4, 2019, 8:30:00 AM",1556942400,5785.81
"May 4, 2019, 9:30:00 AM",1556946000,5783.46
"May 4, 2019, 10:30:00 AM",1556949600,5806.72
"May 4, 2019, 11:30:00 AM",1556953200,5826.05
"May 4, 2019, 12:30:00 PM",1556956800,5807.84
"May 4, 2019, 1:30:00 PM",1556960400,5787.32
"May 4, 2019, 2:30:00 PM",1556964000,5790.05
"May 4, 2019, 3:30:00 PM",1556967600,5800.53
"May 4, 2019, 4:30:00 PM",1556971200,5780.2
"May 4, 2019, 5:30:00 PM",1556974800,5636.83
"May 4, 2019, 6:30:00 PM",1556978400,5649.68
"May 4, 2019, 7:30:00 PM",1556982000,5631.01
"May 4, 2019, 8:30:00 PM",1556985600,5652.57
"May 4, 2019, 9:30:00 PM",1556989200,5663.31
"May 4, 2019, 10:30:00 PM",1556992800,5662.18
"May 4, 2019, 11:30:00 PM",1556996400,5679.66
"May 5, 2019, 12:30:00 AM",1557000000,5754.35
"May 5, 2019, 1:30:00 AM",1557003600,5850.43
"May 5, 2019, 2:30:00 AM",1557007200,5884.35
"May 5, 2019, 3:30:00 AM",1557010800,5840.08
"May 5, 2019, 4:30:00 AM",1557014400,5825.84
"May 5, 2019, 5:30:00 AM",1557018000,5805.44
"May 5, 2019, 6:30:00 AM",1557021600,5814.7
"May 5, 2019, 7:30:00 AM",1557025200,5829.7
"May 5, 2019, 8:30:00 AM",1557028800,5796.27
"May 5, 2019, 9:30:00 AM",1557032400,5822.64
"May 5, 2019, 10:30:00 AM",1557036000,5813.01
"May 5, 2019, 11:30:00 AM",1557039600,5775.6
"May 5, 2019, 12:30:00 PM",1557043200,5791.2
"May 5, 2019, 1:30:00 PM",1557046800,5775.47
"May 5, 2019, 2:30:00 PM",1557050400,5808.41
"May 5, 2019, 3:30:00 PM",1557054000,5781.91
"May 5, 2019, 4:30:00 PM",1557057600,5806.55
"May 5, 2019, 5:30:00 PM",1557061200,5801.46
"May 5, 2019, 6:30:00 PM",1557064800,5791.73
"May 5, 2019, 7:30:00 PM",1557068400,5783.09
"May 5, 2019, 8:30:00 PM",1557072000,5773.23
"May 5, 2019, 9:30:00 PM",1557075600,5747.96
"May 5, 2019, 10:30:00 PM",1557079200,5788.17
"May 5, 2019, 11:30:00 PM",1557082800,5772.57
"May 6, 2019, 12:30:00 AM",1557086400,5824.73
"May 6, 2019, 1:30:00 AM",1557090000,5825.21
"May 6, 2019, 2:30:00 AM",1557093600,5784.56
"May 6, 2019, 3:30:00 AM",1557097200,5794.14
"May 6, 2019, 4:30:00 AM",1557100800,5753.04
"May 6, 2019, 5:30:00 AM",1557104400,5696.8
"May 6, 2019, 6:30:00 AM",1557108000,5698.04
"May 6, 2019, 7:30:00 AM",1557111600,5704.58
"May 6, 2019, 8:30:00 AM",1557115200,5737.43
"May 6, 2019, 9:30:00 AM",1557118800,5726.85
"May 6, 2019, 10:30:00 AM",1557122400,5697.7
"May 6, 2019, 11:30:00 AM",1557126000,5659.4
"May 6, 2019, 12:30:00 PM",1557129600,5673.87
"May 6, 2019, 1:30:00 PM",1557133200,5705.16
"May 6, 2019, 2:30:00 PM",1557136800,5697.45
"May 6, 2019, 3:30:00 PM",1557140400,5721.05
"May 6, 2019, 4:30:00 PM",1557144000,5700.18
"May 6, 2019, 5:30:00 PM",1557147600,5722.86
"May 6, 2019, 6:30:00 PM",1557151200,5737.86
"May 6, 2019, 7:30:00 PM",1557154800,5733.43
"May 6, 2019, 8:30:00 PM",1557158400,5775.57
"May 6, 2019, 9:30:00 PM",1557162000,5771.71
"May 6, 2019, 10:30:00 PM",1557165600,5814.07
"May 6, 2019, 11:30:00 PM",1557169200,5805.21
"May 7, 2019, 12:30:00 AM",1557172800,5763.16
"May 7, 2019, 1:30:00 AM",1557176400,5759.46
"May 7, 2019, 2:30:00 AM",1557180000,5772.9
"May 7, 2019, 3:30:00 AM",1557183600,5748.17
"May 7, 2019, 4:30:00 AM",1557187200,5813.67
"May 7, 2019, 5:30:00 AM",1557190800,5821.87
"May 7, 2019, 6:30:00 AM",1557194400,5975.26
"May 7, 2019, 7:30:00 AM",1557198000,5956.83
"May 7, 2019, 8:30:00 AM",1557201600,5953.55
"May 7, 2019, 9:30:00 AM",1557205200,5954.51
"May 7, 2019, 10:30:00 AM",1557208800,5958.02
"May 7, 2019, 11:30:00 AM",1557212400,5949.16
"May 7, 2019, 12:30:00 PM",1557216000,5939.48
"May 7, 2019, 1:30:00 PM",1557219600,5978.69
"May 7, 2019, 2:30:00 PM",1557223200,5964.65
"May 7, 2019, 3:30:00 PM",1557226800,5956.27
"May 7, 2019, 4:30:00 PM",1557230400,5974.65
"May 7, 2019, 5:30:00 PM",1557234000,6012.44
"May 7, 2019, 6:30:00 PM",1557237600,5902.62
"May 7, 2019, 7:30:00 PM",1557241200,5930.59
"May 7, 2019, 8:30:00 PM",1557244800,5961.48
"May 7, 2019, 9:30:00 PM",1557248400,5959.97
"May 7, 2019, 10:30:00 PM",1557252000,5946.67
"May 7, 2019, 11:30:00 PM",1557255600,5918.16
"May 8, 2019, 12:30:00 AM",1557259200,5919.49
"May 8, 2019, 1:30:00 AM",1557262800,5953.84
"May 8, 2019, 2:30:00 AM",1557266400,5959.23
"May 8, 2019, 3:30:00 AM",1557270000,5819.57
"May 8, 2019, 4:30:00 AM",1557273600,5838.4
"May 8, 2019, 5:30:00 AM",1557277200,5857.69
"May 8, 2019, 6:30:00 AM",1557280800,5851.69
"May 8, 2019, 7:30:00 AM",1557284400,5843.98
"May 8, 2019, 8:30:00 AM",1557288000,5870.87
"May 8, 2019, 9:30:00 AM",1557291600,5862.87
"May 8, 2019, 10:30:00 AM",1557295200,5888.65
"May 8, 2019, 11:30:00 AM",1557298800,5885.04
"May 8, 2019, 12:30:00 PM",1557302400,5866.27
"May 8, 2019, 1:30:00 PM",1557306000,5873.03
"May 8, 2019, 2:30:00 PM",1557309600,5894.67
"May 8, 2019, 3:30:00 PM",1557313200,5913.35
"May 8, 2019, 4:30:00 PM",1557316800,5908.74
"May 8, 2019, 5:30:00 PM",1557320400,5916.96
"May 8, 2019, 6:30:00 PM",1557324000,5919.85
"May 8, 2019, 7:30:00 PM",1557327600,5951.45
"May 8, 2019, 8:30:00 PM",1557331200,5927.73
"May 8, 2019, 9:30:00 PM",1557334800,5934.94
"May 8, 2019, 10:30:00 PM",1557338400,5937.49
"May 8, 2019, 11:30:00 PM",1557342000,5958.64
"May 9, 2019, 12:30:00 AM",1557345600,5957.62
"May 9, 2019, 1:30:00 AM",1557349200,5956.71
"May 9, 2019, 2:30:00 AM",1557352800,5990.49
"May 9, 2019, 3:30:00 AM",1557356400,5998.71
"May 9, 2019, 4:30:00 AM",1557360000,6061.49
"May 9, 2019, 5:30:00 AM",1557363600,6098.0
"May 9, 2019, 6:30:00 AM",1557367200,6083.57
"May 9, 2019, 7:30:00 AM",1557370800,6078.35
"May 9, 2019, 8:30:00 AM",1557374400,6100.97
"May 9, 2019, 9:30:00 AM",1557378000,6089.46
"May 9, 2019, 10:30:00 AM",1557381600,6107.81
"May 9, 2019, 11:30:00 AM",1557385200,6097.25
"May 9, 2019, 12:30:00 PM",1557388800,6088.42
"May 9, 2019, 1:30:00 PM",1557392400,6092.62
"May 9, 2019, 2:30:00 PM",1557396000,6088.6
"May 9, 2019, 3:30:00 PM",1557399600,6075.45
"May 9, 2019, 4:30:00 PM",1557403200,6040.2
"May 9, 2019, 5:30:00 PM",1557406800,6048.92
"May 9, 2019, 6:30:00 PM",1557410400,6035.59
"May 9, 2019, 7:30:00 PM",1557414000,6032.67
"May 9, 2019, 8:30:00 PM",1557417600,6083.33
"May 9, 2019, 9:30:00 PM",1557421200,6093.18
"May 9, 2019, 10:30:00 PM",1557424800,6082.04
"May 9, 2019, 11:30:00 PM",1557428400,6099.01
"May 10, 2019, 12:30:00 AM",1557432000,6112.1
"May 10, 2019, 1:30:00 AM",1557435600,6142.53
"May 10, 2019, 2:30:00 AM",1557439200,6184.91
"May 10, 2019, 3:30:00 AM",1557442800,6171.96
"May 10, 2019, 4:30:00 AM",1557446400,6139.16
"May 10, 2019, 5:30:00 AM",1557450000,6195.83
"May 10, 2019, 6:30:00 AM",1557453600,6244.28
"May 10, 2019, 7:30:00 AM",1557457200,6295.66
"May 10, 2019, 8:30:00 AM",1557460800,6310.13
"May 10, 2019, 9:30:00 AM",1557464400,6287.91
"May 10, 2019, 10:30:00 AM",1557468000,6301.85
"May 10, 2019, 11:30:00 AM",1557471600,6340.88
"May 10, 2019, 12:30:00 PM",1557475200,6307.08
"May 10, 2019, 1:30:00 PM",1557478800,6318.48
"May 10, 2019, 2:30:00 PM",1557482400,6292.94
"May 10, 2019, 3:30:00 PM",1557486000,6305.43
"May 10, 2019, 4:30:00 PM",1557489600,6307.05
"May 10, 2019, 5:30:00 PM",1557493200,6290.63
"May 10, 2019, 6:30:00 PM",1557496800,6276.94
"May 10, 2019, 7:30:00 PM",1557500400,6335.89
"May 10, 2019, 8:30:00 PM",1557504000,6396.85
"May 10, 2019, 9:30:00 PM",1557507600,6422.98
"May 10, 2019, 10:30:00 PM",1557511200,6413.34
"May 10, 2019, 11:30:00 PM",1557514800,6391.2
"May 11, 2019, 12:30:00 AM",1557518400,6312.88
"May 11, 2019, 1:30:00 AM",1557522000,6348.84
"May 11, 2019, 2:30:00 AM",1557525600,6405.7
"May 11, 2019, 3:30:00 AM",1557529200,6358.29
"May 11, 2019, 4:30:00 AM",1557532800,6395.92
"May 11, 2019, 5:30:00 AM",1557536400,6494.46
"May 11, 2019, 6:30:00 AM",1557540000,6531.61
"May 11, 2019, 7:30:00 AM",1557543600,6561.26
"May 11, 2019, 8:30:00 AM",1557547200,6702.37
"May 11, 2019, 9:30:00 AM",1557550800,6720.57
"May 11, 2019, 10:30:00 AM",1557554400,6814.43
"May 11, 2019, 11:30:00 AM",1557558000,6800.32
"May 11, 2019, 12:30:00 PM",1557561600,6686.08
"May 11, 2019, 1:30:00 PM",1557565200,6783.48
"May 11, 2019, 2:30:00 PM",1557568800,6825.83
"May 11, 2019, 3:30:00 PM",1557572400,6780.78
"May 11, 2019, 4:30:00 PM",1557576000,6785.6
"May 11, 2019, 5:30:00 PM",1557579600,6805.15
"May 11, 2019, 6:30:00 PM",1557583200,6796.6
"May 11, 2019, 7:30:00 PM",1557586800,6932.22
"May 11, 2019, 8:30:00 PM",1557590400,6923.09
"May 11, 2019, 9:30:00 PM",1557594000,6965.82
"May 11, 2019, 10:30:00 PM",1557597600,6945.5
"May 11, 2019, 11:30:00 PM",1557601200,6930.02
"May 12, 2019, 12:30:00 AM",1557604800,6958.89
"May 12, 2019, 1:30:00 AM",1557608400,7053.12
"May 12, 2019, 2:30:00 AM",1557612000,7214.16
"May 12, 2019, 3:30:00 AM",1557615600,7191.36
"May 12, 2019, 4:30:00 AM",1557619200,7064.14
"May 12, 2019, 5:30:00 AM",1557622800,7177.7
"May 12, 2019, 6:30:00 AM",1557626400,7155.15
"May 12, 2019, 7:30:00 AM",1557630000,7151.79
"May 12, 2019, 8:30:00 AM",1557633600,7185.89
"May 12, 2019, 9:30:00 AM",1557637200,7312.63
"May 12, 2019, 10:30:00 AM",1557640800,7373.58
"May 12, 2019, 11:30:00 AM",1557644400,7495.98
"May 12, 2019, 12:30:00 PM",1557648000,7409.46
"May 12, 2019, 1:30:00 PM",1557651600,7369.23
"May 12, 2019, 2:30:00 PM",1557655200,7255.17
"May 12, 2019, 3:30:00 PM",1557658800,7178.32
"May 12, 2019, 4:30:00 PM",1557662400,7169.57
"May 12, 2019, 5:30:00 PM",1557666000,7110.33
"May 12, 2019, 6:30:00 PM",1557669600,6963.3
"May 12, 2019, 7:30:00 PM",1557673200,6877.09
"May 12, 2019, 8:30:00 PM",1557676800,6846.45
"May 12, 2019, 9:30:00 PM",1557680400,6932.35
"May 12, 2019, 10:30:00 PM",1557684000,7080.39
"May 12, 2019, 11:30:00 PM",1557687600,7023.66
"May 13, 2019, 12:30:00 AM",1557691200,7159.18
"May 13, 2019, 1:30:00 AM",1557694800,7145.1
"May 13, 2019, 2:30:00 AM",1557698400,6987.43
"May 13, 2019, 3:30:00 AM",1557702000,6977.63
"May 13, 2019, 4:30:00 AM",1557705600,7015.3
"May 13, 2019, 5:30:00 AM",1557709200,7030.54
"May 13, 2019, 6:30:00 AM",1557712800,7043.2
"May 13, 2019, 7:30:00 AM",1557716400,7015.37
"May 13, 2019, 8:30:00 AM",1557720000,7086.57
"May 13, 2019, 9:30:00 AM",1557723600,7045.05
"May 13, 2019, 10:30:00 AM",1557727200,7073.37
"May 13, 2019, 11:30:00 AM",1557730800,7028.33
"May 13, 2019, 12:30:00 PM",1557734400,7049.86
"May 13, 2019, 1:30:00 PM",1557738000,7090.96
"May 13, 2019, 2:30:00 PM",1557741600,7100.4
"May 13, 2019, 3:30:00 PM",1557745200,7253.61
"May 13, 2019, 4:30:00 PM",1557748800,7327.04
"May 13, 2019, 5:30:00 PM",1557752400,7369.62
"May 13, 2019, 6:30:00 PM",1557756000,7487.71
"May 13, 2019, 7:30:00 PM",1557759600,7810.42
"May 13, 2019, 8:30:00 PM",1557763200,7882.24
"May 13, 2019, 9:30:00 PM",1557766800,7800.06
"May 13, 2019, 10:30:00 PM",1557770400,7841.46
"May 13, 2019, 11:30:00 PM",1557774000,7882.75
"May 14, 2019, 12:30:00 AM",1557777600,7849.14
"May 14, 2019, 1:30:00 AM",1557781200,8080.65
"May 14, 2019, 2:30:00 AM",1557784800,7904.55
"May 14, 2019, 3:30:00 AM",1557788400,7806.36
"May 14, 2019, 4:30:00 AM",1557792000,7891.25
"May 14, 2019, 5:30:00 AM",1557795600,7967.82
"May 14, 2019, 6:30:00 AM",1557799200,7892.15
"May 14, 2019, 7:30:00 AM",1557802800,7947.77
"May 14, 2019, 8:30:00 AM",1557806400,7999.05
"May 14, 2019, 9:30:00 AM",1557810000,7973.64
"May 14, 2019, 10:30:00 AM",1557813600,8036.59
"May 14, 2019, 11:30:00 AM",1557817200,8284.98
"May 14, 2019, 12:30:00 PM",1557820800,7980.16
"May 14, 2019, 1:30:00 PM",1557824400,8047.12
"May 14, 2019, 2:30:00 PM",1557828000,8052.08
"May 14, 2019, 3:30:00 PM",1557831600,8033.18
"May 14, 2019, 4:30:00 PM",1557835200,8191.93
"May 14, 2019, 5:30:00 PM",1557838800,8141.73
"May 14, 2019, 6:30:00 PM",1557842400,8049.62
"May 14, 2019, 7:30:00 PM",1557846000,7940.92
"May 14, 2019, 8:30:00 PM",1557849600,7997.94
"May 14, 2019, 9:30:00 PM",1557853200,8047.3
"May 14, 2019, 10:30:00 PM",1557856800,7823.17
"May 14, 2019, 11:30:00 PM",1557860400,7773.45
"May 15, 2019, 12:30:00 AM",1557864000,7719.81
"May 15, 2019, 1:30:00 AM",1557867600,7775.03
"May 15, 2019, 2:30:00 AM",1557871200,7918.44
"May 15, 2019, 3:30:00 AM",1557874800,7980.13
"May 15, 2019, 4:30:00 AM",1557878400,8014.07
"May 15, 2019, 5:30:00 AM",1557882000,8001.11
"May 15, 2019, 6:30:00 AM",1557885600,8055.61
"May 15, 2019, 7:30:00 AM",1557889200,8049.84
"May 15, 2019, 8:30:00 AM",1557892800,7989.04
"May 15, 2019, 9:30:00 AM",1557896400,8018.75
"May 15, 2019, 10:30:00 AM",1557900000,8000.37
"May 15, 2019, 11:30:00 AM",1557903600,7906.12
"May 15, 2019, 12:30:00 PM",1557907200,7891.82
"May 15, 2019, 1:30:00 PM",1557910800,8065.06
"May 15, 2019, 2:30:00 PM",1557914400,8053.0
"May 15, 2019, 3:30:00 PM",1557918000,7974.79
"May 15, 2019, 4:30:00 PM",1557921600,7989.22
"May 15, 2019, 5:30:00 PM",1557925200,7979.34
"May 15, 2019, 6:30:00 PM",1557928800,7939.45
"May 15, 2019, 7:30:00 PM",1557932400,8015.33
"May 15, 2019, 8:30:00 PM",1557936000,8014.34
"May 15, 2019, 9:30:00 PM",1557939600,8102.24
"May 15, 2019, 10:30:00 PM",1557943200,8218.98
"May 15, 2019, 11:30:00 PM",1557946800,8190.76
"May 16, 2019, 12:30:00 AM",1557950400,8157.24
"May 16, 2019, 1:30:00 AM",1557954000,8134.04
"May 16, 2019, 2:30:00 AM",1557957600,8176.23
"May 16, 2019, 3:30:00 AM",1557961200,8183.83
"May 16, 2019, 4:30:00 AM",1557964800,8311.28
"May 16, 2019, 5:30:00 AM",1557968400,8300.16
"May 16, 2019, 6:30:00 AM",1557972000,8298.55
"May 16, 2019, 7:30:00 AM",1557975600,8224.24
"May 16, 2019, 8:30:00 AM",1557979200,7960.69
"May 16, 2019, 9:30:00 AM",1557982800,7975.16
"May 16, 2019, 10:30:00 AM",1557986400,8102.47
"May 16, 2019, 11:30:00 AM",1557990000,7996.58
"May 16, 2019, 12:30:00 PM",1557993600,7972.53
"May 16, 2019, 1:30:00 PM",1557997200,7964.3
"May 16, 2019, 2:30:00 PM",1558000800,7852.48
"May 16, 2019, 3:30:00 PM",1558004400,7864.16
"May 16, 2019, 4:30:00 PM",1558008000,7791.76
"May 16, 2019, 5:30:00 PM",1558011600,7861.11
"May 16, 2019, 6:30:00 PM",1558015200,7947.3
"May 16, 2019, 7:30:00 PM",1558018800,8015.11
"May 16, 2019, 8:30:00 PM",1558022400,7923.57
"May 16, 2019, 9:30:00 PM",1558026000,7919.4
"May 16, 2019, 10:30:00 PM",1558029600,7897.08
"May 16, 2019, 11:30:00 PM",1558033200,7840.77
"May 17, 2019, 12:30:00 AM",1558036800,7692.43
"May 17, 2019, 1:30:00 AM",1558040400,7918.5
"May 17, 2019, 2:30:00 AM",1558044000,7824.77
"May 17, 2019, 3:30:00 AM",1558047600,7874.11
"May 17, 2019, 4:30:00 AM",1558051200,7876.73
"May 17, 2019, 5:30:00 AM",1558054800,7801.28
"May 17, 2019, 6:30:00 AM",1558058400,7482.35
"May 17, 2019, 7:30:00 AM",1558062000,7312.13
"May 17, 2019, 8:30:00 AM",1558065600,7243.05
"May 17, 2019, 9:30:00 AM",1558069200,7154.47
"May 17, 2019, 10:30:00 AM",1558072800,7179.87
"May 17, 2019, 11:30:00 AM",1558076400,7297.92
"May 17, 2019, 12:30:00 PM",1558080000,7301.51
"May 17, 2019, 1:30:00 PM",1558083600,7301.99
"May 17, 2019, 2:30:00 PM",1558087200,7239.76
"May 17, 2019, 3:30:00 PM",1558090800,7175.35
"May 17, 2019, 4:30:00 PM",1558094400,7121.74
"May 17, 2019, 5:30:00 PM",1558098000,7198.5
"May 17, 2019, 6:30:00 PM",1558101600,7165.32
"May 17, 2019, 7:30:00 PM",1558105200,7107.11
"May 17, 2019, 8:30:00 PM",1558108800,7117.49
"May 17, 2019, 9:30:00 PM",1558112400,7063.26
"May 17, 2019, 10:30:00 PM",1558116000,7112.72
"May 17, 2019, 11:30:00 PM",1558119600,7152.77
"May 18, 2019, 12:30:00 AM",1558123200,7123.61
"May 18, 2019, 1:30:00 AM",1558126800,7268.4
"May 18, 2019, 2:30:00 AM",1558130400,7252.04
"May 18, 2019, 3:30:00 AM",1558134000,7371.96
"May 18, 2019, 4:30:00 AM",1558137600,7305.86
"May 18, 2019, 5:30:00 AM",1558141200,7286.93
"May 18, 2019, 6:30:00 AM",1558144800,7314.6
"May 18, 2019, 7:30:00 AM",1558148400,7385.73
"May 18, 2019, 8:30:00 AM",1558152000,7421.0
"May 18, 2019, 9:30:00 AM",1558155600,7444.52
"May 18, 2019, 10:30:00 AM",1558159200,7384.64
"May 18, 2019, 11:30:00 AM",1558162800,7327.15
"May 18, 2019, 12:30:00 PM",1558166400,7341.23
"May 18, 2019, 1:30:00 PM",1558170000,7307.87
"May 18, 2019, 2:30:00 PM",1558173600,7294.33
"May 18, 2019, 3:30:00 PM",1558177200,7321.72
"May 18, 2019, 4:30:00 PM",1558180800,7310.1
"May 18, 2019, 5:30:00 PM",1558184400,7336.37
"May 18, 2019, 6:30:00 PM",1558188000,7362.27
"May 18, 2019, 7:30:00 PM",1558191600,7366.61
"May 18, 2019, 8:30:00 PM",1558195200,7360.89
"May 18, 2019, 9:30:00 PM",1558198800,7292.1
"May 18, 2019, 10:30:00 PM",1558202400,7270.79
"May 18, 2019, 11:30:00 PM",1558206000,7250.06
"May 19, 2019, 12:30:00 AM",1558209600,7299.03
"May 19, 2019, 1:30:00 AM",1558213200,7338.32
"May 19, 2019, 2:30:00 AM",1558216800,7297.27
"May 19, 2019, 3:30:00 AM",1558220400,7266.08
"May 19, 2019, 4:30:00 AM",1558224000,7301.13
"May 19, 2019, 5:30:00 AM",1558227600,7602.02
"May 19, 2019, 6:30:00 AM",1558231200,7725.64
"May 19, 2019, 7:30:00 AM",1558234800,7934.68
"May 19, 2019, 8:30:00 AM",1558238400,7975.66
"May 19, 2019, 9:30:00 AM",1558242000,7926.95
"May 19, 2019, 10:30:00 AM",1558245600,7928.76
"May 19, 2019, 11:30:00 AM",1558249200,7957.71
"May 19, 2019, 12:30:00 PM",1558252800,7972.08
"May 19, 2019, 1:30:00 PM",1558256400,8078.47
"May 19, 2019, 2:30:00 PM",1558260000,8073.64
"May 19, 2019, 3:30:00 PM",1558263600,8018.86
"May 19, 2019, 4:30:00 PM",1558267200,7957.7
"May 19, 2019, 5:30:00 PM",1558270800,7888.72
"May 19, 2019, 6:30:00 PM",1558274400,7952.29
"May 19, 2019, 7:30:00 PM",1558278000,7989.73
"May 19, 2019, 8:30:00 PM",1558281600,7936.41
"May 19, 2019, 9:30:00 PM",1558285200,7988.63
"May 19, 2019, 10:30:00 PM",1558288800,7989.37
"May 19, 2019, 11:30:00 PM",1558292400,7966.44
"May 20, 2019, 12:30:00 AM",1558296000,8026.7
"May 20, 2019, 1:30:00 AM",1558299600,8079.86
"May 20, 2019, 2:30:00 AM",1558303200,8209.39
"May 20, 2019, 3:30:00 AM",1558306800,8193.14
"May 20, 2019, 4:30:00 AM",1558310400,7939.88
"May 20, 2019, 5:30:00 AM",1558314000,7977.81
"May 20, 2019, 6:30:00 AM",1558317600,7921.46
"May 20, 2019, 7:30:00 AM",1558321200,8050.37
"May 20, 2019, 8:30:00 AM",1558324800,8036.12
"May 20, 2019, 9:30:00 AM",1558328400,8015.73
"May 20, 2019, 10:30:00 AM",1558332000,7894.0
"May 20, 2019, 11:30:00 AM",1558335600,7899.73
"May 20, 2019, 12:30:00 PM",1558339200,7887.72
"May 20, 2019, 1:30:00 PM",1558342800,7903.16
"May 20, 2019, 2:30:00 PM",1558346400,7917.94
"May 20, 2019, 3:30:00 PM",1558350000,7857.13
"May 20, 2019, 4:30:00 PM",1558353600,7724.69
"May 20, 2019, 5:30:00 PM",1558357200,7742.08
"May 20, 2019, 6:30:00 PM",1558360800,7814.92
"May 20, 2019, 7:30:00 PM",1558364400,7834.6
"May 20, 2019, 8:30:00 PM",1558368000,7839.69
"May 20, 2019, 9:30:00 PM",1558371600,7761.17
"May 20, 2019, 10:30:00 PM",1558375200,7729.71
"May 20, 2019, 11:30:00 PM",1558378800,7814.42
"May 21, 2019, 12:30:00 AM",1558382400,7995.58
"May 21, 2019, 1:30:00 AM",1558386000,8045.0
"May 21, 2019, 2:30:00 AM",1558389600,7916.59
"May 21, 2019, 3:30:00 AM",1558393200,7998.29
"May 21, 2019, 4:30:00 AM",1558396800,7936.91
"May 21, 2019, 5:30:00 AM",1558400400,7934.02
"May 21, 2019, 6:30:00 AM",1558404000,7913.83
"May 21, 2019, 7:30:00 AM",1558407600,7922.43
"May 21, 2019, 8:30:00 AM",1558411200,7885.64
"May 21, 2019, 9:30:00 AM",1558414800,7906.92
"May 21, 2019, 10:30:00 AM",1558418400,7930.54
"May 21, 2019, 11:30:00 AM",1558422000,7934.01
"May 21, 2019, 12:30:00 PM",1558425600,7946.67
"May 21, 2019, 1:30:00 PM",1558429200,7985.28
"May 21, 2019, 2:30:00 PM",1558432800,7929.56
"May 21, 2019, 3:30:00 PM",1558436400,7881.74
"May 21, 2019, 4:30:00 PM",1558440000,7898.87
"May 21, 2019, 5:30:00 PM",1558443600,7931.22
"May 21, 2019, 6:30:00 PM",1558447200,7952.9
"May 21, 2019, 7:30:00 PM",1558450800,7924.0
"May 21, 2019, 8:30:00 PM",1558454400,7918.33
"May 21, 2019, 9:30:00 PM",1558458000,8006.65
"May 21, 2019, 10:30:00 PM",1558461600,8026.75
"May 21, 2019, 11:30:00 PM",1558465200,8016.71
"May 22, 2019, 12:30:00 AM",1558468800,8078.56
"May 22, 2019, 1:30:00 AM",1558472400,7994.83
"May 22, 2019, 2:30:00 AM",1558476000,7971.5
"May 22, 2019, 3:30:00 AM",1558479600,7947.93
"May 22, 2019, 4:30:00 AM",1558483200,8013.35
"May 22, 2019, 5:30:00 AM",1558486800,7950.57
"May 22, 2019, 6:30:00 AM",1558490400,7961.33
"May 22, 2019, 7:30:00 AM",1558494000,7931.23
"May 22, 2019, 8:30:00 AM",1558497600,7942.74
"May 22, 2019, 9:30:00 AM",1558501200,7950.49
"May 22, 2019, 10:30:00 AM",1558504800,7932.06
"May 22, 2019, 11:30:00 AM",1558508400,7914.73
"May 22, 2019, 12:30:00 PM",1558512000,7932.47
"May 22, 2019, 1:30:00 PM",1558515600,7891.97
"May 22, 2019, 2:30:00 PM",1558519200,7891.99
"May 22, 2019, 3:30:00 PM",1558522800,7815.99
"May 22, 2019, 4:30:00 PM",1558526400,7791.92
"May 22, 2019, 5:30:00 PM",1558530000,7866.02
"May 22, 2019, 6:30:00 PM",1558533600,7877.99
"May 22, 2019, 7:30:00 PM",1558537200,7978.98
"May 22, 2019, 8:30:00 PM",1558540800,7951.49
"May 22, 2019, 9:30:00 PM",1558544400,7906.94
"May 22, 2019, 10:30:00 PM",1558548000,7933.52
"May 22, 2019, 11:30:00 PM",1558551600,7928.97
"May 23, 2019, 12:30:00 AM",1558555200,7830.47
"May 23, 2019, 1:30:00 AM",1558558800,7679.12
"May 23, 2019, 2:30:00 AM",1558562400,7720.37
"May 23, 2019, 3:30:00 AM",1558566000,7626.89
"May 23, 2019, 4:30:00 AM",1558569600,7639.28
"May 23, 2019, 5:30:00 AM",1558573200,7620.58
"May 23, 2019, 6:30:00 AM",1558576800,7668.02
"May 23, 2019, 7:30:00 AM",1558580400,7672.34
"May 23, 2019, 8:30:00 AM",1558584000,7664.17
"May 23, 2019, 9:30:00 AM",1558587600,7624.83
"May 23, 2019, 10:30:00 AM",1558591200,7645.67
"May 23, 2019, 11:30:00 AM",1558594800,7596.48
"May 23, 2019, 12:30:00 PM",1558598400,7572.04
"May 23, 2019, 1:30:00 PM",1558602000,7585.08
"May 23, 2019, 2:30:00 PM",1558605600,7626.06
"May 23, 2019, 3:30:00 PM",1558609200,7599.19
"May 23, 2019, 4:30:00 PM",1558612800,7631.92
"May 23, 2019, 5:30:00 PM",1558616400,7668.02
"May 23, 2019, 6:30:00 PM",1558620000,7727.51
"May 23, 2019, 7:30:00 PM",1558623600,7771.19
"May 23, 2019, 8:30:00 PM",1558627200,7827.12
"May 23, 2019, 9:30:00 PM",1558630800,7780.63
"May 23, 2019, 10:30:00 PM",1558634400,7771.64
"May 23, 2019, 11:30:00 PM",1558638000,7783.86
"May 24, 2019, 12:30:00 AM",1558641600,7872.24
"May 24, 2019, 1:30:00 AM",1558645200,7913.91
"May 24, 2019, 2:30:00 AM",1558648800,7900.29
"May 24, 2019, 3:30:00 AM",1558652400,7876.5
"May 24, 2019, 4:30:00 AM",1558656000,7876.01
"May 24, 2019, 5:30:00 AM",1558659600,7861.1
"May 24, 2019, 6:30:00 AM",1558663200,7861.81
"May 24, 2019, 7:30:00 AM",1558666800,7876.03
"May 24, 2019, 8:30:00 AM",1558670400,7844.4
"May 24, 2019, 9:30:00 AM",1558674000,7842.37
"May 24, 2019, 10:30:00 AM",1558677600,7875.69
"May 24, 2019, 11:30:00 AM",1558681200,7881.83
"May 24, 2019, 12:30:00 PM",1558684800,7967.59
"May 24, 2019, 1:30:00 PM",1558688400,7968.86
"May 24, 2019, 2:30:00 PM",1558692000,7983.63
"May 24, 2019, 3:30:00 PM",1558695600,8028.41
"May 24, 2019, 4:30:00 PM",1558699200,8038.78
"May 24, 2019, 5:30:00 PM",1558702800,7990.43
"May 24, 2019, 6:30:00 PM",1558706400,8058.63
"May 24, 2019, 7:30:00 PM",1558710000,8102.65
"May 24, 2019, 8:30:00 PM",1558713600,8089.56
"May 24, 2019, 9:30:00 PM",1558717200,8072.68
"May 24, 2019, 10:30:00 PM",1558720800,8072.73
"May 24, 2019, 11:30:00 PM",1558724400,8058.9
"May 25, 2019, 12:30:00 AM",1558728000,8103.94
"May 25, 2019, 1:30:00 AM",1558731600,8057.93
"May 25, 2019, 2:30:00 AM",1558735200,8036.17
"May 25, 2019, 3:30:00 AM",1558738800,7996.4
"May 25, 2019, 4:30:00 AM",1558742400,8000.42
"May 25, 2019, 5:30:00 AM",1558746000,8041.48
"May 25, 2019, 6:30:00 AM",1558749600,8033.11
"May 25, 2019, 7:30:00 AM",1558753200,8010.38
"May 25, 2019, 8:30:00 AM",1558756800,8014.54
"May 25, 2019, 9:30:00 AM",1558760400,7977.67
"May 25, 2019, 10:30:00 AM",1558764000,7968.43
"May 25, 2019, 11:30:00 AM",1558767600,7990.61
"May 25, 2019, 12:30:00 PM",1558771200,8032.77
"May 25, 2019, 1:30:00 PM",1558774800,8083.86
"May 25, 2019, 2:30:00 PM",1558778400,8093.05
"May 25, 2019, 3:30:00 PM",1558782000,8097.56
"May 25, 2019, 4:30:00 PM",1558785600,8100.73
"May 25, 2019, 5:30:00 PM",1558789200,8047.3
"May 25, 2019, 6:30:00 PM",1558792800,8069.44
"May 25, 2019, 7:30:00 PM",1558796400,8063.66
"May 25, 2019, 8:30:00 PM",1558800000,8039.39
"May 25, 2019, 9:30:00 PM",1558803600,8053.3
"May 25, 2019, 10:30:00 PM",1558807200,8037.4
"May 25, 2019, 11:30:00 PM",1558810800,8007.67
"May 26, 2019, 12:30:00 AM",1558814400,8028.02
"May 26, 2019, 1:30:00 AM",1558818000,8044.43
"May 26, 2019, 2:30:00 AM",1558821600,8070.8
"May 26, 2019, 3:30:00 AM",1558825200,8059.13
"May 26, 2019, 4:30:00 AM",1558828800,8045.48
"May 26, 2019, 5:30:00 AM",1558832400,8036.56
"May 26, 2019, 6:30:00 AM",1558836000,8012.67
"May 26, 2019, 7:30:00 AM",1558839600,8006.34
"May 26, 2019, 8:30:00 AM",1558843200,8019.15
"May 26, 2019, 9:30:00 AM",1558846800,7991.67
"May 26, 2019, 10:30:00 AM",1558850400,7991.13
"May 26, 2019, 11:30:00 AM",1558854000,7999.85
"May 26, 2019, 12:30:00 PM",1558857600,8005.71
"May 26, 2019, 1:30:00 PM",1558861200,8001.71
"May 26, 2019, 2:30:00 PM",1558864800,7976.38
"May 26, 2019, 3:30:00 PM",1558868400,7933.18
"May 26, 2019, 4:30:00 PM",1558872000,7952.54
"May 26, 2019, 5:30:00 PM",1558875600,7989.42
"May 26, 2019, 6:30:00 PM",1558879200,8003.43
"May 26, 2019, 7:30:00 PM",1558882800,8013.44
"May 26, 2019, 8:30:00 PM",1558886400,7995.65
"May 26, 2019, 9:30:00 PM",1558890000,7991.14
"May 26, 2019, 10:30:00 PM",1558893600,8007.4
"May 26, 2019, 11:30:00 PM",1558897200,8554.23
"May 27, 2019, 12:30:00 AM",1558900800,8584.32
"May 27, 2019, 1:30:00 AM",1558904400,8646.54
"May 27, 2019, 2:30:00 AM",1558908000,8669.65
"May 27, 2019, 3:30:00 AM",1558911600,8726.23
"May 27, 2019, 4:30:00 AM",1558915200,8883.57
"May 27, 2019, 5:30:00 AM",1558918800,8832.01
"May 27, 2019, 6:30:00 AM",1558922400,8753.77
"May 27, 2019, 7:30:00 AM",1558926000,8763.21
"May 27, 2019, 8:30:00 AM",1558929600,8720.92
"May 27, 2019, 9:30:00 AM",1558933200,8733.46
"May 27, 2019, 10:30:00 AM",1558936800,8753.03
"May 27, 2019, 11:30:00 AM",1558940400,8776.41
"May 27, 2019, 12:30:00 PM",1558944000,8725.95
"May 27, 2019, 1:30:00 PM",1558947600,8759.55
"May 27, 2019, 2:30:00 PM",1558951200,8751.45
"May 27, 2019, 3:30:00 PM",1558954800,8718.66
"May 27, 2019, 4:30:00 PM",1558958400,8818.67
"May 27, 2019, 5:30:00 PM",1558962000,8808.94
"May 27, 2019, 6:30:00 PM",1558965600,8789.34
"May 27, 2019, 7:30:00 PM",1558969200,8847.58
"May 27, 2019, 8:30:00 PM",1558972800,8683.72
"May 27, 2019, 9:30:00 PM",1558976400,8705.31
"May 27, 2019, 10:30:00 PM",1558980000,8801.49
"May 27, 2019, 11:30:00 PM",1558983600,8808.57
"May 28, 2019, 12:30:00 AM",1558987200,8750.32
"May 28, 2019, 1:30:00 AM",1558990800,8810.59
"May 28, 2019, 2:30:00 AM",1558994400,8804.63
"May 28, 2019, 3:30:00 AM",1558998000,8785.17
"May 28, 2019, 4:30:00 AM",1559001600,8760.58
"May 28, 2019, 5:30:00 AM",1559005200,8791.75
"May 28, 2019, 6:30:00 AM",1559008800,8789.14
"May 28, 2019, 7:30:00 AM",1559012400,8789.66
"May 28, 2019, 8:30:00 AM",1559016000,8774.43
"May 28, 2019, 9:30:00 AM",1559019600,8750.16
"May 28, 2019, 10:30:00 AM",1559023200,8717.67
"May 28, 2019, 11:30:00 AM",1559026800,8740.23
"May 28, 2019, 12:30:00 PM",1559030400,8730.92
"May 28, 2019, 1:30:00 PM",1559034000,8725.23
"May 28, 2019, 2:30:00 PM",1559037600,8703.32
"May 28, 2019, 3:30:00 PM",1559041200,8755.73
"May 28, 2019, 4:30:00 PM",1559044800,8723.43
"May 28, 2019, 5:30:00 PM",1559048400,8665.9
"May 28, 2019, 6:30:00 PM",1559052000,8705.89
"May 28, 2019, 7:30:00 PM",1559055600,8706.72
"May 28, 2019, 8:30:00 PM",1559059200,8658.34
"May 28, 2019, 9:30:00 PM",1559062800,8749.03
"May 28, 2019, 10:30:00 PM",1559066400,8746.12
"May 28, 2019, 11:30:00 PM",1559070000,8695.1
"May 29, 2019, 12:30:00 AM",1559073600,8692.19
"May 29, 2019, 1:30:00 AM",1559077200,8710.19
"May 29, 2019, 2:30:00 AM",1559080800,8706.98
"May 29, 2019, 3:30:00 AM",1559084400,8718.85
"May 29, 2019, 4:30:00 AM",1559088000,8683.08
"May 29, 2019, 5:30:00 AM",1559091600,8663.46
"May 29, 2019, 6:30:00 AM",1559095200,8644.02
"May 29, 2019, 7:30:00 AM",1559098800,8642.47
"May 29, 2019, 8:30:00 AM",1559102400,8591.37
"May 29, 2019, 9:30:00 AM",1559106000,8483.75
"May 29, 2019, 10:30:00 AM",1559109600,8516.91
"May 29, 2019, 11:30:00 AM",1559113200,8549.73
"May 29, 2019, 12:30:00 PM",1559116800,8599.51
"May 29, 2019, 1:30:00 PM",1559120400,8630.28
"May 29, 2019, 2:30:00 PM",1559124000,8665.85
"May 29, 2019, 3:30:00 PM",1559127600,8636.72
"May 29, 2019, 4:30:00 PM",1559131200,8655.27
"May 29, 2019, 5:30:00 PM",1559134800,8741.09
"May 29, 2019, 6:30:00 PM",1559138400,8709.04
"May 29, 2019, 7:30:00 PM",1559142000,8700.1
"May 29, 2019, 8:30:00 PM",1559145600,8725.67
"May 29, 2019, 9:30:00 PM",1559149200,8679.1
"May 29, 2019, 10:30:00 PM",1559152800,8678.95
"May 29, 2019, 11:30:00 PM",1559156400,8698.21
"May 30, 2019, 12:30:00 AM",1559160000,8652.62
"May 30, 2019, 1:30:00 AM",1559163600,8663.29
"May 30, 2019, 2:30:00 AM",1559167200,8674.26
"May 30, 2019, 3:30:00 AM",1559170800,8664.56
"May 30, 2019, 4:30:00 AM",1559174400,8680.92
"May 30, 2019, 5:30:00 AM",1559178000,8633.21
"May 30, 2019, 6:30:00 AM",1559181600,8610.4
"May 30, 2019, 7:30:00 AM",1559185200,8695.17
"May 30, 2019, 8:30:00 AM",1559188800,8687.03
"May 30, 2019, 9:30:00 AM",1559192400,8713.9
"May 30, 2019, 10:30:00 AM",1559196000,8711.69
"May 30, 2019, 11:30:00 AM",1559199600,8703.56
"May 30, 2019, 12:30:00 PM",1559203200,8698.02
"May 30, 2019, 1:30:00 PM",1559206800,8706.52
"May 30, 2019, 2:30:00 PM",1559210400,8722.56
"May 30, 2019, 3:30:00 PM",1559214000,8717.93
"May 30, 2019, 4:30:00 PM",1559217600,8718.82
"May 30, 2019, 5:30:00 PM",1559221200,8715.61
"May 30, 2019, 6:30:00 PM",1559224800,8725.3
"May 30, 2019, 7:30:00 PM",1559228400,8929.62
"May 30, 2019, 8:30:00 PM",1559232000,8672.76
"May 30, 2019, 9:30:00 PM",1559235600,8625.68
"May 30, 2019, 10:30:00 PM",1559239200,8653.32
"May 30, 2019, 11:30:00 PM",1559242800,8617.51
"May 31, 2019, 12:30:00 AM",1559246400,8463.76
"May 31, 2019, 1:30:00 AM",1559250000,8213.88
"May 31, 2019, 2:30:00 AM",1559253600,8277.36
"May 31, 2019, 3:30:00 AM",1559257200,8276.25
"May 31, 2019, 4:30:00 AM",1559260800,8302.48
"May 31, 2019, 5:30:00 AM",1559264400,8331.93
"May 31, 2019, 6:30:00 AM",1559268000,8276.01
"May 31, 2019, 7:30:00 AM",1559271600,8269.02
"May 31, 2019, 8:30:00 AM",1559275200,8159.65
"May 31, 2019, 9:30:00 AM",1559278800,8230.18
"May 31, 2019, 10:30:00 AM",1559282400,8276.86
"May 31, 2019, 11:30:00 AM",1559286000,8298.04
"May 31, 2019, 12:30:00 PM",1559289600,8270.64
"May 31, 2019, 1:30:00 PM",1559293200,8317.19
